id,sirius_id,molecular_formula,precursor_mz,rt,score
147,857336422677629428,C2H2F2O3,134.987,0.761,0.942
169,857336422841207288,H4N2O2S,97.008,0.761,1.0
381,857336423361300996,C2H4Cl2O2,130.966,0.768,0.973
208,857336423730399756,C4H3F2NO2,158.003,0.772,1.0
205,857336423906560528,C3H3F2NO,130.008,0.773,1.0
429,857336425517173304,C3H2Cl2,125.986,0.829,1.0
583,857336426855156312,C6H12N2,113.107,0.864,1.0
621,857336426964208220,C6H12O2Si,183.024,0.88,1.0
631,857336427098425952,C4H8N2O4S,181.026,0.88,0.992
733,857336427584965228,CH6N2O4S2,174.985,0.905,1.0
699,857336427694017136,C2H4N2O4S2,184.969,0.909,1.0
741,857336427895343736,C5H13NO,104.107,0.916,1.0
999,857336428239276676,C4H4O8S,234.952,0.931,0.821
864,857336428637735572,C6H9O2,114.066,0.945,1.0
898,857336428839062172,C6H15N,102.128,0.95,1.0
1124,857336428931336864,C11H23NO2,202.18,0.951,1.0
1229,857336429543705272,C12H27N,186.222,0.963,1.0
1033,857336429740837568,C9H19NO,158.154,0.965,1.0
1313,857336429925386952,C10H14F2O2,187.094,0.97,0.999
1420,857336430227376852,C5H6NO3,129.041,0.987,0.999
1246,857336430353205976,C5H7Br,146.981,0.988,0.813
1670,857336430651001572,C9H20O5,209.138,1.02,1.0
2348,857336431930264336,C9H19NO,158.154,1.6,1.0
2407,857336432018344724,C6H15NO,118.123,1.713,1.0
2883,857336432207088412,C6H13N,100.112,2.817,1.0
3190,857336432567798572,C8H8N2,133.076,3.978,0.998
3265,857336432647490352,C12H17NO,192.138,4.097,1.0
3272,857336432727182132,C10H22O6,239.149,4.138,1.0
3304,857336432815262520,C9H14N4O,195.123,4.158,1.0
3334,857336433041754944,C12H23NO,198.185,4.24,1.0
3413,857336433385687884,C13H25N5O4,316.197,4.313,0.976
3450,857336433721232216,C12H23NO,198.185,4.415,1.0
3474,857336434086136676,C9H20O5,226.165,4.433,0.96
3481,857336434211965800,C9H20O5,209.138,4.438,1.0
3483,857336434329406316,C6H12O3,133.086,4.444,1.0
3534,857336434430069616,C12H26O7,283.175,4.507,0.975
3603,857336434660756344,C15H29N5O5,360.223,4.573,0.807
3619,857336434769808252,C8H18O4,179.128,4.639,0.999
3627,857336434883054464,C11H21N5,224.186,4.643,0.996
3672,857336435310873484,C10H16O4,183.102,4.668,1.0
3696,857336435528977300,C12H26O7,283.175,4.692,0.943
3735,857336435747081116,C15H27N5O4,342.212,4.75,0.995
3746,857336435868715936,C17H33N5O4,372.259,4.843,0.996
3812,857336435981962148,C14H30O8,327.201,4.853,0.939
3831,857336436086819752,C11H24O6,253.165,4.872,0.951
3944,857336436313312176,C12H23NO,198.185,5.022,1.0
4014,857336436955040712,C9H20O4,193.144,5.099,1.0
4138,857336437340916692,C16H34O9,371.228,5.163,0.935
4173,857336437697432544,C12H20O4,211.133,5.206,1.0
4178,857336437814873060,C9H12O2,153.091,5.209,1.0
4177,857336437907147752,C12H20O4,229.144,5.214,1.0
4171,857336438133640176,C6H6O,95.049,5.215,0.99
4167,857336438230109172,C10H16O2,169.122,5.218,1.0
4337,857336438553070592,C10H22O5,223.154,5.356,0.999
4419,857336438867643404,C12H16O3,209.117,5.42,1.0
4490,857336439178021912,C11H24O5,237.17,5.56,0.94
4641,857336439379348512,C23H45N5O7,504.338,5.688,0.977
4645,857336439559703592,C20H42O11,459.28,5.691,0.915
4721,857336439731670064,C14H27NO4,274.201,5.744,0.98
4802,857336439907830840,C11H10N2O2,203.082,5.766,0.982
4892,857336440100768832,C22H46O12,503.306,5.911,0.844
4976,857336440331455560,C5H11NSi,114.073,5.914,1.0
5081,857336440541170768,C10H13NO3,196.097,5.963,0.999
5176,857336440931241056,C10H22O4,207.159,6.114,1.0
5234,857336441036098660,C13H25N,196.206,6.131,1.0
5492,857336441774296188,C26H54O14,591.359,6.304,0.902
5641,857336441912708228,C16H24O4,281.175,6.381,1.0
5775,857336441975622792,C10H22O4,207.159,6.46,1.0
5795,857336442319555740,C7H7N3,134.071,6.502,0.913
5995,857336442449579172,C20H36N2O5,385.267,6.62,0.863
6264,857336442915146944,C12H26O5,251.185,6.767,0.998
6243,857336443036781768,C24H38O5,407.28,6.775,0.856
6302,857336443254885588,C16H22N2O2,275.176,6.835,0.986
6450,857336443598818536,C8H15NO,142.123,6.932,1.0
6461,857336443665927404,C17H33NO5,332.243,6.939,1.0
6555,857336443976305916,C12H26O5,251.185,6.979,0.997
6549,857336444051803392,C15H22O4,267.159,7.008,1.0
6590,857336444383153424,C12H27N,186.222,7.037,1.0
6845,857336445578530120,C10H22O4,207.159,7.206,1.0
6850,857336445641444684,C10H22O4,224.186,7.206,0.997
7066,857336445901491548,C12H17NO2,208.133,7.337,0.961
7088,857336446056680804,C12H27NO,202.217,7.357,1.0
7191,857336446320921972,C12H16O3,209.117,7.423,1.0
7192,857336446392225144,C12H27NO3,234.206,7.429,1.0
7229,857336446534831488,C7H5NOS,152.017,7.45,0.99
7376,857336446824238480,C12H27N,186.222,7.563,1.0
7455,857336447113645472,C12H26O5,268.212,7.601,0.953
7477,857336447424023988,C12H20O7,277.128,7.669,1.0
7631,857336447558241724,C13H28O5,265.201,7.726,0.967
7700,857336447616961984,C2H4O2,98.984,7.784,1.0
7798,857336447780539848,C12H18O4,227.128,7.827,1.0
7927,857336447939923412,C12H20O7,277.128,7.855,1.0
7976,857336448028003804,C13H25N5O3,322.186,7.912,0.958
7965,857336448074141152,C9H14O5,203.091,7.93,0.987
8065,857336448158027240,C14H24O3,241.18,8.006,1.0
8079,857336448208358892,C11H21NO2,200.165,8.031,1.0
8208,857336448313216500,C21H28O6,377.196,8.125,0.812
8207,857336448371936760,C12H16O3,209.117,8.125,0.985
8327,857336448493571584,C12H20O7,277.128,8.186,1.0
8313,857336448669732364,C12H13NO2,204.102,8.195,0.995
8326,857336448728452624,C9H14O5,203.091,8.199,1.0
8357,857336448845893144,C14H28O6,293.196,8.223,0.977
8589,857336449017859620,C10H18O4,203.128,8.398,0.997
8843,857336449248546356,C17H26N2O,275.212,8.567,0.984
8981,857336449416318528,C10H18O4,203.128,8.671,1.0
8971,857336449479233092,C12H25NO3,232.191,8.674,1.0
9042,857336449533759048,C22H29NO6,404.207,8.736,0.956
9050,857336449592479308,C12H18O2,195.138,8.738,1.0
9089,857336449709919828,C12H13NO2,204.102,8.761,1.0
9186,857336449827360348,C21H28O6,377.196,8.827,0.997
9173,857336449953189476,C10H11N2O2,209.117,8.828,1.0
9177,857336450263567992,C12H27N,186.222,8.835,1.0
9256,857336450330676860,C9H14O5,203.091,8.892,1.0
9259,857336450389397120,C10H14O6,231.086,8.894,1.0
9252,857336450448117380,C7H8O4,157.05,8.894,1.0
9258,857336450515226248,C12H20O7,294.155,8.894,0.995
9253,857336450703969936,C12H20O7,277.128,8.895,1.0
9255,857336450796244628,C14H27NO7,322.186,8.895,0.973
9231,857336450917879452,C9H20N2O,173.165,8.925,1.0
9341,857336450980794016,C9H19NOS,190.126,8.94,0.999
9475,857336451148566188,C11H21NO3,216.16,9.049,1.0
9562,857336451211480752,C10H17NO3,200.128,9.129,1.0
9667,857336451333115576,C10H18O4,185.117,9.213,1.0
9663,857336451396030140,C11H17NO4Se,302.045,9.214,1.0
9662,857336451450556096,C10H18O4,203.128,9.214,1.0
9808,857336451735768784,C14H31NO3,262.238,9.346,1.0
9811,857336451811266260,C8H16OS3,225.044,9.348,1.0
9906,857336452100673252,C19H23NO4,330.17,9.414,0.999
9960,857336452176170728,C14H31N,214.253,9.466,1.0
9971,857336452260056812,C18H22N2,267.186,9.483,0.883
10011,857336452402663156,C13H12N2O,213.102,9.505,0.963
10008,857336452637544184,C18H24N2,269.201,9.506,0.89
9987,857336452696264444,C14H29NO3,260.222,9.508,1.0
10061,857336452922756876,C21H17NO5,402.076,9.538,0.995
10198,857336453136666396,C10H17NO3,200.128,9.617,1.0
10307,857336453182803744,C11H12O3,193.086,9.724,0.999
10391,857336453400907568,C11H22N2O,199.181,9.773,1.0
10442,857336453459627828,C13H8O,181.065,9.817,0.943
10469,857336453572874044,C12H16O3,209.117,9.833,1.0
10503,857336453623205696,C10H15NO2S,214.09,9.865,0.925
10538,857336453673537348,C11H21NO,184.17,9.883,1.0
10525,857336453774200652,C8H6O,119.049,9.892,0.993
10601,857336453837115216,C10H15NO2S,214.09,9.938,0.803
10645,857336453887446868,C20H25NO4,344.186,9.977,0.965
10685,857336453941972824,C12H23NO,198.185,10.007,1.0
10722,857336453996498780,C12H9NO,184.076,10.037,0.887
10741,857336454046830432,C12H17NO,192.138,10.047,1.0
10860,857336454256545648,C12H18O2Si,223.115,10.161,0.942
10874,857336454353014648,C12H23NO3,230.175,10.172,1.0
10882,857336454415929212,C11H14N2OS2,255.062,10.176,1.0
10946,857336454466260864,C10H15NO2S,214.09,10.198,0.996
11050,857336454508203908,C12H23NO,198.185,10.288,1.0
11128,857336454550146952,C12H25NO3,232.191,10.313,1.0
11206,857336454642421648,C15H29NO3,272.222,10.383,1.0
11199,857336454680170388,C13H24N2O,225.196,10.401,1.0
11235,857336454717919128,C14H12O2,213.091,10.415,0.803
11247,857336454764056476,C18H22N2O,283.181,10.416,0.832
11375,857336455032491952,C13H21NO,225.196,10.542,1.0
11429,857336455149932472,C11H23NO2,202.18,10.585,1.0
11623,857336455321898948,C12H17N3O3S2,354.033,10.717,0.992
11629,857336455460310988,C10H15NO2S,214.09,10.719,0.997
11690,857336455535808464,C13H24N2O,225.196,10.758,1.0
11747,857336455611305940,C13H29N,200.237,10.815,1.0
11803,857336455741329372,C11H24N2O,201.196,10.852,1.0
11951,857336455917490152,C14H31N,214.253,10.968,1.0
11873,857336455972016108,C15H15NO,226.123,10.974,0.941
12136,857336456194314236,C13H29N,200.237,11.099,1.0
12180,857336456257228800,C14H31N,214.253,11.117,1.0
12203,857336456315949060,C12H24O4,233.175,11.129,1.0
12200,857336456374669320,C10H18O2,171.138,11.13,1.0
12250,857336456559218708,C16H35N,242.284,11.163,1.0
12272,857336456617938968,C12H18O2,195.138,11.175,1.0
12286,857336456752156704,C14H31NO,230.248,11.183,1.0
12273,857336456819265572,C12H20O3,213.149,11.184,1.0
12299,857336456886374440,C15H15NO,226.123,11.186,0.984
12253,857336456689242140,C19H38N2O3,343.296,11.191,1.0
12388,857336456949289004,C12H23NO,198.185,11.258,1.0
12433,857336457142227000,C14H28O5,277.201,11.282,1.0
12429,857336457200947260,C14H31N,214.253,11.287,1.0
12469,857336457263861824,C10H18O2,171.138,11.288,1.0
12557,857336457444216908,C15H20N2O3,277.155,11.307,0.979
12526,857336457502937168,C16H29NO3,284.222,11.332,1.0
12541,857336457561657428,C19H38N2O3,343.296,11.342,1.0
12592,857336457624571992,C15H33N,228.269,11.374,1.0
12700,857336457683292252,C2H4O2,98.984,11.434,1.0
12730,857336457742012512,C16H24O4,281.175,11.46,1.0
12753,857336457981087856,C15H15NO,226.123,11.476,0.998
12815,857336458291466372,C16H22Cl3NO,372.066,11.498,0.878
12808,857336458345992328,C13H20N2O,221.165,11.5,0.974
12823,857336458404712588,C15H20N2O3,277.155,11.504,0.997
12809,857336458517958804,C9H18Cl3O4P,327.008,11.506,0.906
12827,857336458643787932,C13H26O4,247.19,11.51,0.924
12840,857336458698313888,C16H29NO3,284.222,11.514,1.0
12947,857336458941583536,C16H17NO,240.138,11.578,0.988
12987,857336459197436096,C17H26O5,311.185,11.647,1.0
13066,857336459256156356,C13H26N2O,227.212,11.649,1.0
13109,857336459436511440,C16H35N,242.284,11.677,1.0
13136,857336459499426004,C2H4O2,98.984,11.71,1.0
13192,857336459553951960,C18H36N2O3,329.28,11.742,1.0
13198,857336459612672220,C16H29NO3,284.222,11.75,1.0
13311,857336459721724132,C18H39NO4,334.295,11.802,0.979
13307,857336459776250088,C16H32O4,306.264,11.803,0.98
13368,857336459956605172,C14H22O3,239.164,11.838,1.0
13383,857336460011131128,C15H20N2O3,277.155,11.857,0.999
13420,857336460061462780,C15H24O4,286.201,11.863,0.998
13413,857336460170514692,C9H12O2,153.091,11.871,1.0
13419,857336460225040648,C15H24O4,269.175,11.89,1.0
13485,857336460283760908,C10H20N4O2,251.146,11.951,1.0
13567,857336460736745768,C4H9O3P,174.992,12.029,0.999
13564,857336460799660332,C6H13Cl2O4P,251.0,12.03,0.873
13561,857336460980015416,C2H4O2,98.984,12.031,1.0
13674,857336461353308496,C12H25NO,200.201,12.104,1.0
13649,857336461407834452,C16H31NO3,286.238,12.111,1.0
13778,857336461462360408,C17H20N2O,269.165,12.224,0.96
13937,857336461634326884,C12H23NO,198.185,12.339,1.0
13942,857336461693047144,C17H31NO4,314.233,12.342,1.0
13949,857336461911150956,C12H20O2,197.154,12.35,1.0
13995,857336461965676912,C16H24O4,281.175,12.385,1.0
14057,857336462024397172,C16H31NO3,286.238,12.409,1.0
14062,857336462078923128,C18H38N2O3,331.296,12.421,0.981
14132,857336462129254780,C12H23NO,198.185,12.49,1.0
14149,857336462179586432,C16H22N2O2,275.175,12.502,0.98
14214,857336462234112388,C13H25NO,212.201,12.527,1.0
14235,857336462288638344,C16H16OS,257.099,12.546,0.999
14271,857336462397690256,C17H24O6,342.191,12.567,1.0
14279,857336462456410516,C16H24O4,281.175,12.574,1.0
14310,857336462523519384,C13H23NO,210.185,12.583,1.0
14316,857336462578045340,C15H33N,228.269,12.598,1.0
14414,857336462640959904,C12H23NO,198.185,12.689,1.0
14550,857336462758400424,C14H26O2,227.201,12.756,1.0
14557,857336462880035248,C16H22N2O2,275.175,12.759,0.991
14559,857336462934561204,C10H15NO2,182.118,12.761,0.995
14592,857336462989087160,C16H35N,242.284,12.785,1.0
14675,857336463039418812,C13H23NO,210.185,12.854,1.0
14761,857336463093944768,C12H14N2O2,219.113,12.906,0.998
14767,857336463144276420,C13H27NO2,230.212,12.912,1.0
14787,857336463194608072,C18H18O5,315.123,12.934,0.942
14782,857336463244939724,C9H17NS,172.115,12.937,0.838
14825,857336463299465680,C9H8O2,149.06,12.945,1.0
14903,857336463408517592,C39H48O9,661.337,12.995,0.952
14965,857336463567901156,C9H17NS,172.115,13.073,0.839
15010,857336463618232808,C9H8O2,149.06,13.105,1.0
15029,857336463718896112,C18H18O5,315.123,13.117,0.945
15109,857336463823753720,C2H4O2,98.984,13.173,1.0
15127,857336463878279676,C15H22O2,235.166,13.186,1.0
15207,857336463941194240,C9H17NS,172.115,13.255,0.995
15252,857336464104772108,C18H18O5,315.123,13.288,0.945
15251,857336464163492368,C9H8O2,149.06,13.289,1.0
15283,857336464327070236,C15H20N2O3,277.155,13.309,0.999
15331,857336464385790496,C11H16O3,197.117,13.344,1.0
15329,857336464436122148,C15H24O3,253.18,13.345,1.0
15430,857336464536785452,C14H27NO,226.217,13.43,1.0
15455,857336464595505712,C8H14O2,143.107,13.509,1.0
15683,857336464696169016,C14H27NO,226.217,13.701,1.0
15721,857336464796832320,C12H27O4P,267.172,13.73,0.998
15728,857336464847163972,C2H4O2,98.984,13.734,1.0
15817,857336464897495624,C19H27NO3,318.206,13.804,1.0
15880,857336465002353232,C16H24O4,281.175,13.848,1.0
15955,857336465203679840,C15H24O3,253.18,13.901,1.0
16061,857336465258205796,C17H37N,256.3,13.96,1.0
16046,857336465367257708,C14H22O,207.174,13.979,1.0
16264,857336465476309620,C16H21NO3,276.16,14.13,0.998
16266,857336465530835576,C18H26O3,291.196,14.13,1.0
16282,857336465639887488,C18H39N,270.316,14.143,1.0
16292,857336465761522312,C19H27NO3,318.206,14.156,1.0
16345,857336465874768528,C18H15O4P,327.078,14.231,0.993
16376,857336466059317916,C14H30O3,247.227,14.237,1.0
16421,857336466180952740,C16H34O4,308.28,14.287,1.0
16427,857336466235478696,C16H34O4,291.253,14.291,1.0
16462,857336466344530608,C9H19NOS2,222.098,14.306,0.997
16511,857336466508108476,C2H4O2,98.984,14.333,1.0
16517,857336466558440128,C12H27O4P,267.172,14.334,0.943
16423,857336466453582520,C18H15O4P,327.078,14.336,0.99
16530,857336466608771780,C18H38O5,335.279,14.342,1.0
16534,857336466663297736,C18H38O5,352.306,14.343,1.0
16558,857336466717823692,C14H29NO,228.232,14.354,1.0
16597,857336466822681300,C20H42O6,379.305,14.373,1.0
16598,857336466873012952,C22H38N2O3,396.332,14.374,1.0
16603,857336466923344604,C18H45N7O4,424.363,14.378,0.875
16614,857336466973676256,C22H46O7,423.332,14.38,1.0
16617,857336467175002860,C22H46O7,440.358,14.387,1.0
16631,857336467225334512,C28H51N3O2,484.385,14.393,0.991
16707,857336467279860468,C18H15O4P,327.078,14.459,0.887
16728,857336467342775032,C15H30N2O,255.243,14.472,1.0
16776,857336467468604160,C16H24O2,249.185,14.524,1.0
16811,857336467527324420,C13H17NO,204.138,14.543,0.998
16990,857336467590238984,C16H24O2,249.185,14.635,1.0
16936,857336467644764940,C14H30O3,247.227,14.638,0.99
17007,857336467804148504,C16H34O4,308.28,14.68,0.848
17000,857336467854480156,C16H34O4,291.253,14.682,0.999
17069,857336467909006112,C18H38O5,335.279,14.723,1.0
17080,857336468009669416,C18H38O5,352.306,14.728,0.987
17101,857336468064195372,C18H45N7O4,424.363,14.738,1.0
17228,857336468114527024,C14H30O3,247.227,14.845,1.0
17297,857336468169052980,C16H34O4,308.28,14.89,1.0
17300,857336468219384632,C16H34O4,313.235,14.892,0.928
17303,857336468324242240,C16H34O4,291.253,14.894,0.998
17356,857336468374573892,C18H38O5,352.306,14.928,1.0
17354,857336468479431500,C18H38O5,335.279,14.929,1.0
17401,857336468529763152,C18H45N7O4,424.363,14.954,0.816
17396,857336468584289108,C20H42O6,396.332,14.954,1.0
17463,857336468634620760,C14H30O3,269.209,15.006,1.0
17468,857336468689146716,C14H30O3,247.227,15.011,1.0
17494,857336468806587236,C2H4OS,114.961,15.033,1.0
17496,857336468865307496,C12H27O3PS,283.149,15.033,1.0
17500,857336468924027756,C5H12O2Si,171.024,15.034,0.999
17536,857336469024691060,C16H34O4,291.253,15.05,0.998
17531,857336469129548668,C16H34O4,308.28,15.05,0.996
17583,857336469230211972,C18H38O5,335.279,15.082,1.0
17562,857336469288932232,C17H24O4,293.175,15.086,0.996
17673,857336469339263884,C17H24O3,277.18,15.106,0.999
17657,857336469393789840,C15H31NO2,258.243,15.131,1.0
17683,857336469444121492,C15H32O3,261.243,15.147,1.0
17760,857336469494453144,C17H24O4,293.175,15.204,0.999
17902,857336469729334184,C11H12O,161.096,15.331,1.0
17901,857336469850969008,C17H24O3,277.18,15.333,1.0
17985,857336469909689268,C16H26O2,251.201,15.391,1.0
18013,857336469960020920,C20H43N,298.347,15.412,1.0
18062,857336470014546876,C17H24O4,293.175,15.446,1.0
18030,857336470069072832,C19H20O4,313.143,15.453,0.999
18098,857336470119404484,C17H32O2,269.248,15.486,1.0
18109,857336470169736136,C21H45N,312.362,15.498,1.0
18299,857336470329119700,C7H6,91.054,15.595,0.99
18367,857336470618526684,C2H4O2,98.984,15.686,1.0
18470,857336470677246944,C18H24O2,273.185,15.722,1.0
18592,857336470731772900,C18H32O7,383.204,15.839,0.994
18603,857336470782104552,C18H32O7,361.222,15.842,0.994
18668,857336470886962160,C13H27NO,214.217,15.89,1.0
18791,857336470937293812,C17H36O4,305.269,15.996,1.0
18794,857336470991819768,C20H39N5,350.326,16.001,0.985
18811,857336471042151420,C16H14O,223.112,16.001,0.999
19072,857336471092483072,C15H32O3,261.243,16.182,0.992
19117,857336471142814724,C17H36O4,305.269,16.197,1.0
19285,857336471423833112,C18H36O5,350.29,16.291,0.867
19292,857336471474164764,C18H36O5,333.264,16.296,1.0
19322,857336471532885024,C16H32O4,289.237,16.321,1.0
19314,857336471587410980,C16H32O4,311.219,16.322,0.98
19312,857336471650325544,C10H23N6,228.204,16.329,0.931
19333,857336471704851500,C39H72O13,749.504,16.331,0.979
19437,857336471763571760,C14H26O2,227.201,16.348,1.0
19366,857336471813903412,C19H38O4,313.274,16.353,1.0
19701,857336471969092672,C21H36O4,370.295,16.615,0.997
19695,857336472015230020,C23H40O5,397.295,16.616,1.0
19702,857336472061367368,C23H40O5,414.321,16.62,1.0
19916,857336472111699020,C20H28O5,349.201,16.807,0.994
20080,857336472212362324,CH4O2Si,114.961,16.931,1.0
20119,857336472367551584,C17H16O,237.127,16.956,1.0
20281,857336472518546540,C17H36O3,289.274,17.064,1.0
20360,857336472627598452,C14H32Si,229.236,17.126,1.0
20352,857336472682124408,C14H29NO,228.232,17.127,1.0
20412,857336472736650364,C16H24O7,329.159,17.156,1.0
20399,857336472786982016,C22H41NO8,448.291,17.156,0.998
20414,857336472845702276,C20H34O8,425.215,17.157,0.942
20420,857336472950559884,C20H34O8,403.233,17.158,1.0
20500,857336473063806100,C17H36O3,289.274,17.23,1.0
20545,857336473118332056,C15H31NO,242.248,17.255,1.0
20856,857336473214801056,C15H32N4O2,323.235,17.476,0.942
20859,857336473265132708,C17H32O3,285.242,17.479,1.0
20933,857336473315464360,C12H14O4,223.097,17.54,1.0
21087,857336473361601708,C16H33NO,256.264,17.603,1.0
21258,857336473508402360,C2H4OS,114.961,17.797,1.0
21327,857336473651008708,C17H32O3,285.242,17.858,1.0
21354,857336473697146056,C18H35NO,282.279,17.882,1.0
21390,857336473793615056,C18H30O6,343.212,17.911,1.0
21504,857336473835558100,C24H31NO4,398.233,17.996,1.0
21571,857336473885889752,C17H36O3,289.274,18.039,1.0
21590,857336473932027100,C17H32O3,285.243,18.041,1.0
21669,857336474024301796,C19H40O4,355.282,18.111,0.98
21678,857336474070439144,C19H40O4,333.3,18.119,1.0
21798,857336474116576492,C13H28N2O,229.228,18.22,1.0
21848,857336474162713840,C8H12,109.101,18.242,1.0
21838,857336474263377144,C7H19N7O2,272.122,18.247,0.838
21839,857336474309514492,C8H14O,127.112,18.247,1.0
21845,857336474359846144,C26H43NO5,450.321,18.25,1.0
21842,857336474405983492,C24H36O5,427.246,18.254,1.0
21853,857336474452120840,C24H36O5,405.264,18.254,0.997
21864,857336474498258188,C24H36O5,422.29,18.257,0.998
21860,857336474544395536,C22H32O5,377.232,18.261,0.997
22105,857336474586338580,C18H36O4,317.269,18.434,1.0
22362,857336474678613276,C19H34O3,311.258,18.622,1.0
22389,857336474720556320,C16H35O3PS,339.212,18.655,0.996
22390,857336474766693668,C2H4OS,114.961,18.656,0.993
22394,857336474817025320,C20H43NOS,384.27,18.659,0.997
22441,857336474909300016,C17H35NO,270.279,18.691,1.0
22530,857336475001574712,C24H36O5,427.246,18.76,1.0
22547,857336475139986756,C24H36O5,405.264,18.765,0.871
22590,857336475186124104,C18H37NO,284.295,18.802,1.0
22639,857336475232261452,C18H34O4,315.253,18.826,1.0
22726,857336475370673496,C22H42O6,420.332,18.885,0.998
22720,857336475412616540,C22H42O6,403.306,18.886,0.957
22724,857336475462948192,C10H18O2,171.138,18.887,1.0
22717,857336475584583016,C19H36O2,297.279,18.902,1.0
22859,857336475630720364,C17H35NO,270.279,18.987,1.0
22978,857336475681052016,C26H45NO5,452.337,19.088,0.998
22982,857336475722995060,C24H38O5,429.261,19.089,0.981
22983,857336475769132408,C24H38O5,389.269,19.09,1.0
22998,857336475815269756,C24H36O5,405.264,19.1,0.996
23021,857336475915933060,C2H4O2,98.984,19.108,1.0
23020,857336475966264712,C17H36N4O2,351.266,19.111,0.998
23159,857336476016596364,C28H49NO5,480.369,19.192,0.998
23347,857336476062733712,C16H33NO,256.264,19.287,1.0
23386,857336476117259668,C32H67N,466.535,19.303,1.0
23478,857336476163397016,C26H43NO5,450.322,19.404,0.989
23487,857336476209534364,C19H36O3,313.274,19.433,1.0
23524,857336476255671712,C18H38O3,325.271,19.436,1.0
23595,857336476347946408,C18H37NO,284.295,19.514,1.0
23634,857336476394083756,C19H36O3,313.274,19.536,1.0
23656,857336476440221104,C25H42O5,423.311,19.563,1.0
23658,857336476503135668,C27H46O5,468.369,19.569,1.0
23918,857336476553467320,C20H39NO,310.31,19.796,1.0
23938,857336476603798972,C19H36O3,313.274,19.806,1.0
23947,857336476733822404,C19H36O3,330.3,19.833,0.976
23963,857336476847068620,C24H47NO,366.373,19.855,1.0
23968,857336476901594576,C25H40O3,389.305,19.861,1.0
24057,857336477056783836,C34H71N,494.566,19.933,1.0
24110,857336477157447140,C23H42O4,383.316,19.999,1.0
24170,857336477203584488,C24H38O5,407.279,20.067,0.997
24222,857336477249721836,C15H32N2O,257.259,20.134,1.0
24318,857336477300053488,C2H4OS,114.961,20.21,1.0
24320,857336477350385140,C18H39O3PS,367.243,20.21,0.866
24398,857336477442659836,C13H24O3,229.18,20.22,1.0
24356,857336477492991488,C28H47NO5,478.353,20.226,0.994
24381,857336477539128836,C21H44O4,361.331,20.227,0.956
24591,857336477639792140,C21H26O3,327.195,20.424,0.999
24641,857336477690123792,C36H75N,522.597,20.476,1.0
24899,857336477966947876,C18H36N2S4,409.183,20.854,0.95
24916,857336478013085224,C19H39NO,298.311,20.886,1.0
24930,857336478067611180,C8H4O3,149.023,20.89,0.997
24926,857336478159885876,C22H34O4,363.253,20.899,1.0
24982,857336478222800440,C38H79N,550.629,20.976,1.0
25178,857336478268937788,C18H37NO,284.295,21.192,1.0
25316,857336478373795396,C20H42O3,331.321,21.367,0.984
25414,857336478419932744,C24H38O4,391.284,21.484,1.0
25457,857336478474458700,C22H43NO,338.342,21.532,1.0
25520,857336478520596048,C23H36O4,377.269,21.582,1.0
25611,857336479032301168,C22H42O4,371.316,21.65,1.0
25626,857336479078438516,C24H38O4,391.284,21.663,1.0
25829,857336479124575864,C24H49NO4,416.373,21.825,1.0
25825,857336479166518908,C22H42O4,371.316,21.826,1.0
25826,857336479208461952,C22H42O4,388.342,21.828,1.0
26099,857336479669835428,C26H42O4,419.315,22.214,0.829
26117,857336479711778472,C24H38O4,391.284,22.239,1.0
26114,857336479766304428,C8H4O3,149.023,22.252,0.997
26215,857336479854384820,C6H7N3O2S,223.988,22.379,0.911
26479,857336480269620948,C26H42O4,419.316,22.755,0.996
26472,857336480324146904,C28H49NO4,464.373,22.77,0.987
26564,857336480441587424,C28H49NO4,464.373,22.868,0.985
26568,857336480500307684,C26H42O4,419.316,22.874,0.995
26594,857336480554833640,C25H40O4,405.3,22.904,0.997
26740,857336480663885552,C24H47NO,366.373,23.108,1.0
26918,857336480756160248,C27H44O4,433.331,23.27,1.0
27114,857336480806491900,C6H18O3Si3,223.064,23.549,0.995
27259,857336481200756508,C2H4O2,98.984,23.698,1.0
27268,857336481288836900,C31H46O,435.36,23.7,0.999
27438,857336481330779944,C28H46O4,447.347,23.954,0.988
27614,857336481376917292,C26H50O4,444.405,24.274,1.0
27624,857336481464997684,C26H50O4,427.378,24.281,1.0
27672,857336481511135032,C26H48O4,425.362,24.384,1.0
27736,857336481599215424,C28H46O4,447.347,24.527,0.999
27757,857336481649547076,C26H48O4,425.362,24.552,1.0
27957,857336481737627468,C30H58O5S,531.408,24.935,1.0
28910,857336481783764816,C16H48O8Si8,593.158,26.719,1.0
29589,857336482027034468,C12H36O6Si6,445.12,27.908,0.939
30201,857336482068977512,C42H82O4S,683.601,28.94,1.0
30462,857336482232555384,C42H82O4S,683.601,29.406,1.0
30552,857336482232555388,C42H82O4S,683.601,29.592,1.0
