id,sirius_id,annotation_type,compound_name,smiles,molecular_formula,precursor_mz,rt,score,cluster_label,cluster_membership_probability,cluster_outlier_score
8208,857336448313216500,structure_db_match,"3-(4-{2-[4-(2,3-dihydroxypropoxy)phenyl]propan-2-yl}phenoxy)propane-1,2-diol",CC(C)(C1=CC=C(C=C1)OCC(CO)O)C2=CC=C(C=C2)OCC(CO)O,C21H28O6,377.196,8.125,0.976,-1,0.0,0.8755566652887261
9186,857336449827360348,structure_db_match,"3-(4-{2-[4-(2,3-dihydroxypropoxy)phenyl]propan-2-yl}phenoxy)propane-1,2-diol",CC(C)(C1=CC=C(C=C1)OCC(CO)O)C2=CC=C(C=C2)OCC(CO)O,C21H28O6,377.196,8.827,0.98,-1,0.0,0.8755566652887261
9190,857336450062241388,structure_db_match,"3-(4-{2-[4-(2,3-dihydroxypropoxy)phenyl]propan-2-yl}phenoxy)propane-1,2-diol",CC(C)(C1=CC=C(C=C1)OCC(CO)O)C2=CC=C(C=C2)OCC(CO)O,C21H28O6,394.223,8.83,0.98,-1,0.0,0.8755566652887261
10503,857336453623205696,denovo,"N,N-Diethylbenzenesulfonamide",CCN(CC)S(=O)(=O)C1=CC=CC=C1,C10H15NO2S,214.09,9.865,-0.269,-1,0.0,0.8596612039754307
10601,857336453837115216,structure_db_match,"N,N-Diethylbenzenesulfonamide",CCN(CC)S(=O)(=O)C1=CC=CC=C1,C10H15NO2S,214.09,9.938,0.802,-1,0.0,0.8596612039754307
10741,857336454046830432,spectral_match,Delphene,CCN(CC)C(=O)C1=CC=CC(=C1)C,,192.138,10.047,0.92206067,-1,0.0,0.8596612039754307
10946,857336454466260864,structure_db_match,"N,N-Diethylbenzenesulfonamide",CCN(CC)S(=O)(=O)C1=CC=CC=C1,C10H15NO2S,214.09,10.198,0.84,-1,0.0,0.8596612039754307
11629,857336455460310988,structure_db_match,"N,N-Diethylbenzenesulfonamide",CCN(CC)S(=O)(=O)C1=CC=CC=C1,C10H15NO2S,214.09,10.719,0.853,-1,0.0,0.8596612039754307
11803,857336455741329372,denovo,1-Butyl-3-hexylurea,CCCCCCNC(=O)NCCCC,C11H24N2O,201.196,10.852,-0.452,-1,0.0,0.6259438496279656
11873,857336455972016108,denovo,N-Benzyl-2-phenylacetamide,C1=CC=C(C=C1)CC(=O)NCC2=CC=CC=C2,C15H15NO,226.123,10.974,-0.075,-1,0.0,0.8596612039754307
12299,857336456886374440,denovo,N-Benzyl-2-phenylacetamide,C1=CC=C(C=C1)CC(=O)NCC2=CC=CC=C2,C15H15NO,226.123,11.186,-0.035,-1,0.0,0.8596612039754307
12753,857336457981087856,denovo,N-Benzyl-2-phenylacetamide,C1=CC=C(C=C1)CC(=O)NCC2=CC=CC=C2,C15H15NO,226.123,11.476,-0.023,-1,0.0,0.8596612039754307
14903,857336463408517592,structure_db_match,"1,3-bis(4-{2-[4-(2-hydroxy-2-methoxyethoxy)phenyl]propan-2-yl}phenoxy)propan-2-ol",CC(C)(C1=CC=C(C=C1)OCC(COC2=CC=C(C=C2)C(C)(C)C3=CC=C(C=C3)OCC(O)OC)O)C4=CC=C(C=C4)OCC(O)OC,C39H48O9,661.337,12.995,0.84,-1,0.0,0.8745173233121314
10094,857336452981477136,spectral_match,Fyrol CF,C(CCl)OP(=O)(OCCCl)OCCCl,,284.961,9.55,0.92897713,0,1.0,0.0
12809,857336458517958804,spectral_match,Amgard TMCP,CC(CCl)OP(=O)(OC(C)CCl)OC(C)CCl,,327.008,11.506,0.9768408,0,1.0,0.0
13034,857336459134521532,spectral_match,Amgard TMCP,CC(CCl)OP(=O)(OC(C)CCl)OC(C)CCl,,327.008,11.632,0.97741765,0,1.0,0.0
13556,857336460606722336,spectral_match,Amgard TMCP,CC(CCl)OP(=O)(OC(C)CCl)OC(C)CCl,,327.008,12.028,0.9764785,0,1.0,0.0
13567,857336460736745768,denovo,But-3-en-2-yl-dioxido-oxo-lambda5-phosphane,CC(C=C)P(=O)(O)O,C4H9O3P,174.992,12.029,-2.24,0,1.0,0.0
15721,857336464796832320,spectral_match,bmse000777,CCCCOP(=O)(OCCCC)OCCCC,,267.172,13.73,0.93067104,0,1.0,0.0
16303,857336465585361532,spectral_match,Isobutyl phosphate,CC(C)COP(=O)(OCC(C)C)OCC(C)C,,267.172,14.137,0.9699357,0,1.0,0.0
16517,857336466558440128,spectral_match,Isobutyl phosphate,CC(C)COP(=O)(OCC(C)C)OCC(C)C,,267.172,14.334,0.9703481,0,1.0,0.0
17505,857336468974359408,denovo,"O,O-Dibutyl hydrogen thiophosphate",CCCCOP(=S)(O)OCCCC,C8H19O3PS,227.087,15.034,-2.0,0,1.0,0.0
20856,857336473214801056,spectral_match,Escaid 100,CCCCC(CC)COP(=O)(O)OCC(CC)CCCC,,323.235,17.476,0.95493704,0,1.0,0.0
27268,857336481288836900,spectral_match,Flexol TOF,CCCCC(CC)COP(=O)(OCC(CC)CCCC)OCC(CC)CCCC,,435.36,23.7,0.98777777,0,1.0,0.0
10835,857336454197825388,spectral_match,Triphenylphosphanoxid,C1=CC=C(C=C1)P(=O)(C2=CC=CC=C2)C3=CC=CC=C3,,279.093,10.144,0.8078584,0,0.5254291618548633,0.47457083814513673
16345,857336465874768528,spectral_match,Reofos TPP,C1=CC=C(C=C1)OP(=O)(OC2=CC=CC=C2)OC3=CC=CC=C3,,327.078,14.231,0.9243337,0,0.5254291618548633,0.47457083814513673
16423,857336466453582520,spectral_match,Reofos TPP,C1=CC=C(C=C1)OP(=O)(OC2=CC=CC=C2)OC3=CC=CC=C3,,327.078,14.336,0.936816,0,0.5254291618548633,0.47457083814513673
16707,857336467279860468,spectral_match,Reofos TPP,C1=CC=C(C=C1)OP(=O)(OC2=CC=CC=C2)OC3=CC=CC=C3,,327.078,14.459,0.9498802,0,0.5254291618548633,0.47457083814513673
17819,857336469607699360,denovo,Cresyl diphenylphosphate,CC1=CC=CC=C1OP(=O)(OC2=CC=CC=C2)OC3=CC=CC=C3,C19H17O4P,341.094,15.275,-0.501,0,0.5254291618548633,0.47457083814513673
19920,857336472157836368,spectral_match,Phosflex 179C,CC1=CC=CC=C1OP(=O)(OC2=CC=CC=C2C)OC3=CC=CC=C3C,,369.125,16.812,0.838882,0,0.5254291618548633,0.47457083814513673
4171,857336438133640176,spectral_match,Panosorb,CC=CC=CC(=O)O,,95.049,5.215,0.8246356,1,1.0,0.0
7700,857336447616961984,denovo,Oxidooxyethene,C=COO,C2H4O2,98.984,7.784,-0.816,1,1.0,0.0
12700,857336457683292252,denovo,Oxidooxyethene,C=COO,C2H4O2,98.984,11.434,-1.056,1,1.0,0.0
13136,857336459499426004,denovo,Oxidooxyethene,C=COO,C2H4O2,98.984,11.71,-0.952,1,1.0,0.0
13561,857336460980015416,denovo,Oxidooxyethene,C=COO,C2H4O2,98.984,12.031,-1.645,1,1.0,0.0
15109,857336463823753720,denovo,Oxidooxyethene,C=COO,C2H4O2,98.984,13.173,-1.152,1,1.0,0.0
15728,857336464847163972,denovo,Oxidooxyethene,C=COO,C2H4O2,98.984,13.734,-1.931,1,1.0,0.0
16511,857336466508108476,denovo,Oxidooxyethene,C=COO,C2H4O2,98.984,14.333,-1.957,1,1.0,0.0
18367,857336470618526684,denovo,Oxidooxyethene,C=COO,C2H4O2,98.984,15.686,-1.152,1,1.0,0.0
21258,857336473508402360,denovo,,C=C[SH]=O,C2H4OS,114.961,17.797,-2.482,1,1.0,0.0
22390,857336474766693668,denovo,,C=C[SH]=O,C2H4OS,114.961,18.656,-2.861,1,1.0,0.0
23021,857336475915933060,denovo,Oxidooxyethene,C=COO,C2H4O2,98.984,19.108,-0.816,1,1.0,0.0
24318,857336477300053488,denovo,,C=C[SH]=O,C2H4OS,114.961,20.21,-2.446,1,1.0,0.0
27259,857336481200756508,denovo,Oxidooxyethene,C=COO,C2H4O2,98.984,23.698,-1.931,1,1.0,0.0
12766,857336458228551808,spectral_match,Indigo J,C1=CC=C2C(=C1)C(=O)C(=C3C(=O)C4=CC=CC=C4N3)N2,,263.082,11.483,0.8020742,2,1.0,0.0
27132,857336480953292552,spectral_match,Campathecin,CCC1(C2=C(COC1=O)C(=O)N3CC4=CC5=CC=CC=C5N=C4C3=C2)O,,371.101,23.562,0.84745747,2,1.0,0.0
16463,857336466394862260,structure_db_match,2-Phenylbenzothiazole,C1=CC=C(C=C1)C2=NC3=CC=CC=C3S2,C13H9NS,212.053,14.31,0.845,2,0.7909425233588993,0.2090574766411008
7229,857336446534831488,spectral_match,benzothiazolol,C1=CC=C2C(=C1)NC(=O)S2,,152.017,7.45,0.95281935,2,0.5510081691121163,0.4489918308878838
7477,857336447424023988,structure_db_match,Eudraflex,CCOC(=O)CC(CC(=O)OCC)(C(=O)OCC)O,C12H20O7,277.128,7.669,0.924,3,1.0,0.0
7927,857336447939923412,structure_db_match,Eudraflex,CCOC(=O)CC(CC(=O)OCC)(C(=O)OCC)O,C12H20O7,277.128,7.855,0.924,3,1.0,0.0
8327,857336448493571584,spectral_match,Eudraflex,CCOC(=O)CC(CC(=O)OCC)(C(=O)OCC)O,,277.128,8.186,0.81277573,3,1.0,0.0
9253,857336450703969936,spectral_match,Eudraflex,CCOC(=O)CC(CC(=O)OCC)(C(=O)OCC)O,,277.128,8.895,0.8274949,3,1.0,0.0
9256,857336450330676860,denovo,"Diethyl 1,3-acetonedicarboxylate",CCOC(=O)CC(=O)CC(=O)OCC,C9H14O5,203.091,8.892,-0.864,3,1.0,0.0
9258,857336450515226248,structure_db_match,Eudraflex,CCOC(=O)CC(CC(=O)OCC)(C(=O)OCC)O,C12H20O7,294.155,8.894,0.931,3,1.0,0.0
18603,857336470782104552,spectral_match,Citroflex 4,CCCCOC(=O)CC(CC(=O)OCCCC)(C(=O)OCCCC)O,,361.222,15.842,0.915008,3,1.0,0.0
20414,857336472845702276,spectral_match,Blo-trol,CCCCOC(=O)CC(CC(=O)OCCCC)(C(=O)OCCCC)OC(=O)C,,425.215,17.157,0.9634712,3,1.0,0.0
20420,857336472950559884,spectral_match,Blo-trol,CCCCOC(=O)CC(CC(=O)OCCCC)(C(=O)OCCCC)OC(=O)C,,403.233,17.158,0.9709721,3,1.0,0.0
20422,857336472896033928,spectral_match,Citroflex 4,CCCCOC(=O)CC(CC(=O)OCCCC)(C(=O)OCCCC)O,,361.222,17.157,0.90630156,3,1.0,0.0
741,857336427895343736,denovo,,CN(C)CCOC,C5H13NO,104.107,0.916,-2.28,4,1.0,0.34421126183526135
898,857336428839062172,structure_db_match,triethylamine,CCN(CC)CC,C6H15N,102.128,0.95,0.89,4,1.0,0.20135319580888686
1229,857336429543705272,spectral_match,Tributilamina,CCCCN(CCCC)CCCC,,186.222,0.963,0.8324613,4,1.0,0.009506400332105583
1670,857336430651001572,denovo,"2,5,8,11-tetraoxatridecan-13-ol",COCCOCCOCCOCCO,C9H20O5,209.138,1.02,-0.253,4,1.0,0.0
3272,857336432727182132,spectral_match,Pentaglycol,C(COCCOCCOCCOCCO)O,,239.149,4.138,0.99170727,4,1.0,0.0
3474,857336434086136676,structure_db_match,"2,5,8,11-tetraoxatridecan-13-ol",COCCOCCOCCOCCO,C9H20O5,226.165,4.433,0.953,4,1.0,0.0
3481,857336434211965800,denovo,"2,5,8,11-tetraoxatridecan-13-ol",COCCOCCOCCOCCO,C9H20O5,209.138,4.438,-0.119,4,1.0,0.0
3534,857336434430069616,structure_db_match,Hexagol,C(COCCOCCOCCOCCOCCO)O,C12H26O7,283.175,4.507,0.848,4,1.0,0.0
3619,857336434769808252,denovo,3-[3-(2-Hydroxyethoxy)propoxy]propan-1-ol,C(CO)COCCCOCCO,C8H18O4,179.128,4.639,-2.652,4,1.0,0.0
3696,857336435528977300,structure_db_match,Hexagol,C(COCCOCCOCCOCCOCCO)O,C12H26O7,283.175,4.692,0.841,4,1.0,0.0
3697,857336435432508304,structure_db_match,Hexagol,C(COCCOCCOCCOCCOCCO)O,C12H26O7,300.202,4.68,0.85,4,1.0,0.0
3812,857336435981962148,structure_db_match,Epitope ID:161055,C(COCCOCCOCCOCCOCCOCCO)O,C14H30O8,327.201,4.853,0.986,4,1.0,0.0
3828,857336436195871660,structure_db_match,"2,5,8,11,14,17-Hexaoxanonadecane",CCOCCOCCOCCOCCOCCOC,C13H28O6,298.222,4.875,0.93,4,1.0,0.0
4138,857336437340916692,structure_db_match,PED-diol (n=8),C(COCCOCCOCCOCCOCCOCCOCCO)O,C16H34O9,371.228,5.163,0.994,4,1.0,0.0
4337,857336438553070592,structure_db_match,Glyme 5,COCCOCCOCCOCCOC,C10H22O5,223.154,5.356,0.808,4,1.0,0.0
4480,857336439073164308,denovo,2-[2-[2-[2-[2-[2-[2-[2-[2-(2-Aminooxyethoxy)ethoxy]ethoxy]ethoxy]ethoxy]ethoxy]ethoxy]ethoxy]ethoxy]ethanol,C(COCCOCCOCCOCCOCCOCCOCCOCCOCCON)O,C20H43NO11,474.291,5.551,-2.381,4,1.0,0.1119852177688665
4645,857336439559703592,spectral_match,Polyoxyethylene (10),C(COCCOCCOCCOCCOCCOCCOCCOCCOCCO)O,,459.28,5.691,0.97280025,4,1.0,0.0
4646,857336439471623204,structure_db_match,Polyoxyethylene (10),C(COCCOCCOCCOCCOCCOCCOCCOCCOCCO)O,C20H42O11,476.307,5.689,0.917,4,1.0,0.0
4892,857336440100768832,spectral_match,Undecaethylene glycol,C(COCCOCCOCCOCCOCCOCCOCCOCCOCCOCCO)O,,503.306,5.911,0.9312041,4,1.0,0.0
5176,857336440931241056,denovo,,CCCCOCCOCCOCCO,C10H22O4,207.159,6.114,-0.965,4,1.0,0.0
5196,857336440830577756,structure_db_match,"3,6,9,12,15,18,21,24,27,30,33-undecaoxapentatriacontane-1,35-diol",C(COCCOCCOCCOCCOCCOCCOCCOCCOCCOCCOCCO)O,C24H50O13,547.333,6.113,0.863,4,1.0,0.24644848024798768
5492,857336441774296188,structure_db_match,,C(COCCOCCOCCOCCOCCOCCOCCOCCOCCOCCOCCOCCO)O,C26H54O14,591.359,6.304,0.901,4,1.0,0.005634249342021403
5775,857336441975622792,denovo,,CCCCOCCOCCOCCO,C10H22O4,207.159,6.46,-0.751,4,1.0,0.0
6590,857336444383153424,spectral_match,Tributilamina,CCCCN(CCCC)CCCC,,186.222,7.037,0.9910265,4,1.0,0.009506400332105583
7455,857336447113645472,denovo,"3,6,9,12-Tetraoxahexadecan-1-OL",CCCCOCCOCCOCCOCCO,C12H26O5,268.212,7.601,-0.162,4,1.0,0.0
7460,857336447319166380,structure_db_match,"3,6,9,12-Tetraoxahexadecan-1-OL",CCCCOCCOCCOCCOCCO,C12H26O5,251.185,7.606,0.89,4,1.0,0.0
9475,857336451148566188,spectral_match,Merck 3535,CCCCN(CCC(=O)OCC)C(=O)C,,216.16,9.049,0.9661962,4,1.0,0.03725188031324154
22720,857336475412616540,structure_db_match,,CCCCC(CC)C(=O)OCCOCCOCCOC(=O)C(CC)CCCC,C22H42O6,403.306,18.886,0.882,4,1.0,0.0
22726,857336475370673496,structure_db_match,,CCCCC(CC)C(=O)OCCOCCOCCOC(=O)C(CC)CCCC,C22H42O6,420.332,18.885,0.85,4,1.0,0.0
24899,857336477966947876,denovo,Tetrabutylthiuram disulfide,CCCCN(CCCC)C(=S)SSC(=S)N(CCCC)CCCC,C18H36N2S4,409.183,20.854,-0.694,4,0.9983197162953217,0.4825819690195758
583,857336426855156312,spectral_match,Dabco EG,C1CN2CCN1CC2,,113.107,0.864,0.93544966,5,1.0,0.0
11050,857336454508203908,spectral_match,Nylon 12,C1CCCCCC(=O)NCCCCC1,,198.185,10.288,0.90075797,5,1.0,0.0
12200,857336456374669320,spectral_match,|A-Decalactone,CCCCC1CCCCC(=O)O1,,171.138,11.13,0.894141,5,1.0,0.0
12469,857336457263861824,spectral_match,|A-Decalactone,CCCCC1CCCCC(=O)O1,,171.138,11.288,0.8472764,5,1.0,0.0
13937,857336461634326884,spectral_match,N-Octylpyrrolidone,CCCCCCCCN1CCCC1=O,,198.185,12.339,0.9821046,5,1.0,0.0
14132,857336462129254780,spectral_match,N-Octylpyrrolidone,CCCCCCCCN1CCCC1=O,,198.185,12.49,0.9812781,5,1.0,0.0
14414,857336462640959904,spectral_match,N-Octylpyrrolidone,CCCCCCCCN1CCCC1=O,,198.185,12.689,0.9868309,5,1.0,0.0
14869,857336463353991636,denovo,,NCC1CCC(CC2CCCC2)CC1,C13H25N,234.162,12.988,-2.863,5,1.0,0.0
18470,857336470677246944,structure_db_match,Galaxolidone,CC1COC(=O)C2=CC3=C(C=C12)C(C(C3(C)C)C)(C)C,C18H24O2,273.185,15.722,0.892,5,1.0,0.0
22724,857336475462948192,spectral_match,|A-Decalactone,CCCCC1CCCCC(=O)O1,,171.138,18.887,0.8990143,5,1.0,0.0
1124,857336428931336864,spectral_match,"4-Hydroxy-2,2,6,6-tetramethyl-1-piperidineethanol",CC1(CC(CC(N1CCO)(C)C)O)C,,202.18,0.951,0.94728816,5,0.9913681753149854,0.00863182468501453
5234,857336441036098660,spectral_match,Dicyclohexylmethylamine,CN(C1CCCCC1)C2CCCCC2,,196.206,6.131,0.92730117,5,0.9548554094468331,0.04514459055316693
10052,857336452805316356,denovo,"2,3-dihydro-1H-inden-4-ol",C1CC2=C(C1)C(=CC=C2)O,C9H10O,135.08,9.537,-0.693,5,0.9548554094468331,0.04514459055316693
10538,857336453673537348,structure_db_match,N-cyclohexyl-3-methylbutanamide,CC(C)CC(=O)NC1CCCCC1,C11H21NO,184.17,9.883,0.81,5,0.8961079509587536,0.10389204904124642
10874,857336454353014648,spectral_match,Bayrepel,CCC(C)OC(=O)N1CCCCC1CCO,,230.175,10.172,0.86267984,5,0.8465539996659182,0.15344600033408182
17985,857336469909689268,spectral_match,Sclareolide,CC1(CCCC2(C1CCC3(C2CC(=O)O3)C)C)C,,251.201,15.391,0.83812726,5,0.7587132680147293,0.24128673198527079
1068,857336429254298284,spectral_match,Dicha,C1CCC(CC1)NC2CCCCC2,,182.19,0.953,0.9365913,5,0.669096134941716,0.3309038650582839
10391,857336453400907568,denovo,N-(tert-butyl)-N'-cyclohexylurea,CC(C)(C)NC(=O)NC1CCCCC1,C11H22N2O,199.181,9.773,-0.429,5,0.669096134941716,0.3309038650582839
11199,857336454680170388,spectral_match,Oprea1_447813,C1CCC(CC1)NC(=O)NC2CCCCC2,,225.196,10.401,0.91294837,5,0.669096134941716,0.3309038650582839
11375,857336455032491952,spectral_match,Oprea1_447813,C1CCC(CC1)NC(=O)NC2CCCCC2,,225.196,10.542,0.9318055,5,0.669096134941716,0.3309038650582839
11388,857336455095406516,structure_db_match,1-cyclohexyl-3-phenylurea,C1CCC(CC1)NC(=O)NC2=CC=CC=C2,C13H18N2O,219.149,10.549,0.985,5,0.669096134941716,0.3309038650582839
11690,857336455535808464,spectral_match,Oprea1_447813,C1CCC(CC1)NC(=O)NC2CCCCC2,,225.196,10.758,0.958783,5,0.669096134941716,0.3309038650582839
14310,857336462523519384,structure_db_match,N-cyclohexylcyclohexanecarboxamide,C1CCC(CC1)C(=O)NC2CCCCC2,C13H23NO,210.185,12.583,0.962,5,0.669096134941716,0.3309038650582839
14675,857336463039418812,structure_db_match,N-cyclohexylcyclohexanecarboxamide,C1CCC(CC1)C(=O)NC2CCCCC2,C13H23NO,210.185,12.854,0.955,5,0.669096134941716,0.3309038650582839
862,857336428541266576,spectral_match,Rivanicline,CNCCC=CC1=CN=CC=C1,,163.123,0.942,0.92628616,5,0.6129754480954893,0.3870245519045106
843,857336428344134280,spectral_match,Vulkazit,C1=CC=C(C=C1)NC(=NC2=CC=CC=C2)N,,212.118,0.937,0.94211984,5,0.6053476884319274,0.39465231156807257
4364,857336438766980104,spectral_match,Vulkazit,C1=CC=C(C=C1)NC(=NC2=CC=CC=C2)N,,212.118,5.375,0.96988666,5,0.6053476884319274,0.39465231156807257
14431,857336462695485860,denovo,Oprea1_074824,C1=CC=C(C=C1)NC2=CC=C(C=C2)[N+](=O)[O-],C12H10N2O2,215.082,12.697,-0.68,5,0.43173892232584826,0.5682610776741517
925,857336430026050252,denovo,6-Aminohexyloxidanium,C(CCCO)CCN,C6H15NO,100.112,0.973,-0.179,6,1.0,0.0
9231,857336450917879452,denovo,1-Butyl-3-(2-methylpropyl)urea,CCCCNC(=O)NCC(C)C,C9H20N2O,173.165,8.925,-0.506,6,1.0,0.0
11951,857336455917490152,spectral_match,Armeen 14,CCCCCCCCCCCCCCN,,214.253,10.968,0.89844793,6,1.0,0.0
12250,857336456559218708,structure_db_match,Hexadecylamine,CCCCCCCCCCCCCCCCN,C16H35N,242.284,11.163,0.829,6,1.0,0.0
12429,857336457200947260,spectral_match,Armeen 14,CCCCCCCCCCCCCCN,,214.253,11.287,0.9500762,6,1.0,0.0
14592,857336462989087160,structure_db_match,Hexadecylamine,CCCCCCCCCCCCCCCCN,C16H35N,242.284,12.785,0.884,6,1.0,0.0
16061,857336465258205796,denovo,Heptadecylazanium,CCCCCCCCCCCCCCCCCN,C17H37N,256.3,13.96,-0.924,6,1.0,0.0
16282,857336465639887488,spectral_match,Amine AB,CCCCCCCCCCCCCCCCCCN,,270.316,14.143,0.9787819,6,1.0,0.0
18013,857336469960020920,structure_db_match,1-Eicosanamine,CCCCCCCCCCCCCCCCCCCCN,C20H43N,298.347,15.412,0.875,6,1.0,0.0
24222,857336477249721836,denovo,Tetradecylurea,CCCCCCCCCCCCCCNC(=O)N,C15H32N2O,257.259,20.134,-0.099,6,1.0,0.0
11747,857336455611305940,denovo,Tridecylamine,CCCCCCCCCCCCCN,C13H29N,200.237,10.815,-0.948,6,0.9613145549071549,0.0386854450928451
12136,857336456194314236,denovo,Tridecylamine,CCCCCCCCCCCCCN,C13H29N,200.237,11.099,-0.974,6,0.9613145549071549,0.0386854450928451
17360,857336468429099848,structure_db_match,"3-amino-N-octadecyl-1,2,4-triazole-1-carboxamide",CCCCCCCCCCCCCCCCCCNC(=O)N1C=NC(=N1)N,C21H41N5O,380.337,14.929,0.838,6,0.9413476753248731,0.0586523246751269
17657,857336469393789840,denovo,"Glycine, N-tridecyl-",CCCCCCCCCCCCCNCC(=O)O,C15H31NO2,258.243,15.131,-0.116,6,0.763460297014003,0.23653970298599702
21838,857336474263377144,structure_db_match,N-{(4S)-4-amino-5-[(aminomethyl)amino]pentyl}-N''-nitroguanidine,C(CC(CNCN)N)CN=C(N)N[N+](=O)[O-],C7H19N7O2,272.122,18.247,0.946,6,0.7068071664166374,0.29319283358336257
16558,857336466717823692,structure_db_match,Myristamide,CCCCCCCCCCCCCC(=O)N,C14H29NO,228.232,14.354,0.839,6,0.6850906785662788,0.31490932143372125
10198,857336453136666396,denovo,N-Hexylmaleamidic acid,CCCCCCNC(=O)C=CC(=O)O,C10H17NO3,200.128,9.617,-1.053,6,0.6553680072224253,0.3446319927775747
12752,857336457922367596,structure_db_match,Corfree M 2,C(CCCCCC(=O)O)CCCCC(=O)O,C12H22O4,231.159,11.476,0.876,6,0.626800702707756,0.373199297292244
6433,857336443531709668,structure_db_match,"3,6,9,12-Tetraoxapentacosan-1-ol",CCCCCCCCCCCCCOCCOCCOCCOCCO,C21H44O5,415.278,6.913,0.873,7,1.0,0.0
6779,857336444693531936,denovo,"3,6,9,12,15-Pentaoxaoctacosan-1-ol",CCCCCCCCCCCCCOCCOCCOCCOCCOCCO,C23H48O6,459.304,7.153,-0.177,7,1.0,0.0
7126,857336446123789672,denovo,Tridecylhexaethoxylate,CCCCCCCCCCCCCOCCOCCOCCOCCOCCOCCO,C25H52O7,503.33,7.381,-0.386,7,1.0,0.0
16421,857336466180952740,denovo,"2-[2-[2-(1,1-Dideuteriodecoxy)ethoxy]ethoxy]ethanol",CCCCCCCCCCOCCOCCOCCO,C16H34O4,308.28,14.287,-0.161,7,1.0,0.0
16530,857336466608771780,denovo,"3,6,9,12-Tetraoxadocosan-1-ol",CCCCCCCCCCOCCOCCOCCOCCO,C18H38O5,335.279,14.342,-0.206,7,1.0,0.0
16614,857336466973676256,denovo,"3,6,9,12,15,18-Hexaoxaoctacosan-1-ol",CCCCCCCCCCOCCOCCOCCOCCOCCOCCO,C22H46O7,423.332,14.38,-0.135,7,1.0,0.0
17069,857336467909006112,denovo,"3,6,9,12-Tetraoxadocosan-1-ol",CCCCCCCCCCOCCOCCOCCOCCO,C18H38O5,335.279,14.723,-0.206,7,1.0,0.0
17354,857336468479431500,denovo,"3,6,9,12-Tetraoxadocosan-1-ol",CCCCCCCCCCOCCOCCOCCOCCO,C18H38O5,335.279,14.929,-0.206,7,1.0,0.0
17356,857336468374573892,denovo,"3,6,9,12-Tetraoxadocosan-1-ol",CCCCCCCCCCOCCOCCOCCOCCO,C18H38O5,352.306,14.928,-0.17,7,1.0,0.0
17583,857336469230211972,denovo,"3,6,9,12-Tetraoxadocosan-1-ol",CCCCCCCCCCOCCOCCOCCOCCO,C18H38O5,335.279,15.082,-0.206,7,1.0,0.0
8971,857336449479233092,structure_db_match,"N,N-Bis(2-hydroxyethyl)octanamide",CCCCCCCC(=O)N(CCO)CCO,C12H25NO3,232.191,8.674,0.975,7,0.7138893666854857,0.28611063331451425
16360,857336465933488788,denovo,"Diethylene glycol, decyl ether",CCCCCCCCCCOCCOCCO,C14H30O3,264.253,14.224,-0.632,7,0.7138893666854857,0.28611063331451425
16376,857336466059317916,denovo,2-(6-Hexoxyhexoxy)ethanol,CCCCCCOCCCCCCOCCO,C14H30O3,247.227,14.237,-2.742,7,0.7138893666854857,0.28611063331451425
16936,857336467644764940,denovo,"Diethylene glycol, decyl ether",CCCCCCCCCCOCCOCCO,C14H30O3,247.227,14.638,-0.219,7,0.7138893666854857,0.28611063331451425
17468,857336468689146716,denovo,"Diethylene glycol, decyl ether",CCCCCCCCCCOCCOCCO,C14H30O3,247.227,15.011,-0.211,7,0.7138893666854857,0.28611063331451425
19072,857336471092483072,denovo,2-(2-(Undecyloxy)ethoxy)ethanol,CCCCCCCCCCCOCCOCCO,C15H32O3,261.243,16.182,-0.18,7,0.7138893666854857,0.28611063331451425
19322,857336471532885024,denovo,Laureth-7 carboxylic acid,CCCCCCCCCCCCOCCOCC(=O)O,C16H32O4,289.237,16.321,-1.298,7,0.6137390551731209,0.38626094482687917
19366,857336471813903412,spectral_match,Spectrum3_000777,CCCCCCCCCCCCCC(CC(COC(=O)C)O)O,,313.274,16.353,0.84096783,7,0.6137390551731209,0.38626094482687917
22639,857336475232261452,spectral_match,Staflex DBS,CCCCOC(=O)CCCCCCCCC(=O)OCCCC,,315.253,18.826,0.9441347,7,0.6137390551731209,0.38626094482687917
23487,857336476209534364,spectral_match,Spectrum3_000777,CCCCCCCCCCCCCC(CC(COC(=O)C)O)O,,313.274,19.433,0.849215,7,0.6137390551731209,0.38626094482687917
23634,857336476394083756,spectral_match,Spectrum3_000777,CCCCCCCCCCCCCC(CC(COC(=O)C)O)O,,313.274,19.536,0.8694269,7,0.6137390551731209,0.38626094482687917
23938,857336476603798972,spectral_match,Spectrum3_000777,CCCCCCCCCCCCCC(CC(COC(=O)C)O)O,,313.274,19.806,0.8441312,7,0.6137390551731209,0.38626094482687917
25611,857336479032301168,spectral_match,Mollan S,CCCCC(CC)COC(=O)CCCCC(=O)OCC(CC)CCCC,,371.316,21.65,0.95875084,7,0.6137390551731209,0.38626094482687917
25825,857336479166518908,spectral_match,Mollan S,CCCCC(CC)COC(=O)CCCCC(=O)OCC(CC)CCCC,,371.316,21.826,0.9640166,7,0.6137390551731209,0.38626094482687917
25826,857336479208461952,structure_db_match,Mollan S,CCCCC(CC)COC(=O)CCCCC(=O)OCC(CC)CCCC,C22H42O4,388.342,21.828,0.879,7,0.6137390551731209,0.38626094482687917
12286,857336456752156704,spectral_match,Admox 12,CCCCCCCCCCCC[N+](C)(C)[O-],,230.248,11.183,0.9412812,7,0.5993992998616121,0.4006007001383879
22362,857336474678613276,spectral_match,Juvemon,CC(C)OC(=O)C=C(C)C=CCC(C)CCCC(C)(C)OC,,311.258,18.622,0.8614719,7,0.5762950459077766,0.42370495409222336
14559,857336462934561204,structure_db_match,"1-Hexylpyrrole-2,5-dione",CCCCCCN1C(=O)C=CC1=O,C10H15NO2,182.118,12.761,0.957,7,0.5406888607143927,0.45931113928560735
12433,857336457142227000,denovo,"Triethylene glycol, hexyl ether, acetate",CCCCCCOCCOCCOCCOC(=O)C,C14H28O5,277.201,11.282,-1.04,7,0.5263090913323573,0.4736909086676428
23963,857336476847068620,denovo,Nervonamide,CCCCCCCCC=CCCCCCCCCCCCCCC(=O)N,C24H47NO,366.373,19.855,-0.975,7,0.5112862866202142,0.48871371337978575
15683,857336464696169016,denovo,N-Cyclohexyloctanamide,CCCCCCCC(=O)NC1CCCCC1,C14H27NO,226.217,13.701,-0.069,7,0.4329122871141688,0.5670877128858312
13066,857336459256156356,denovo,1-Cyclohexyl-3-hexylurea,CCCCCCNC(=O)NC1CCCCC1,C13H26N2O,227.212,11.649,-1.855,7,0.3779060823922825,0.6220939176077176
733,857336427584965228,denovo,,CS(=O)(=O)NN[SH](=O)=O,CH6N2O4S2,174.985,0.905,-1.155,8,1.0,0.0
3364,857336433155001156,spectral_match,phthalate,C1=CC=C(C(=C1)C(=O)O)C(=O)O,,149.023,4.264,0.9294307,8,1.0,0.0
3954,857336436527221688,spectral_match,phthalate,C1=CC=C(C(=C1)C(=O)O)C(=O)O,,149.023,5.039,0.94354945,8,1.0,0.0
3958,857336436418169780,denovo,Isophthalic Acid,C1=CC(=CC(=C1)C(=O)O)C(=O)O,C8H6O4,167.034,5.035,-0.439,8,1.0,0.0
5795,857336442319555740,spectral_match,Tolytriazole,CC1=CC=CC2=NNN=C12,,134.071,6.502,0.89533746,8,1.0,0.0
14825,857336463299465680,denovo,,O=Cc1cccc(C=CO)c1,C9H8O2,149.06,12.945,-2.766,8,1.0,0.0
21832,857336474213045492,spectral_match,phthalate,C1=CC=C(C(=C1)C(=O)O)C(=O)O,,149.023,18.246,0.9357311,8,1.0,0.0
24930,857336478067611180,spectral_match,phthalate,C1=CC=C(C(=C1)C(=O)O)C(=O)O,,149.023,20.89,0.9252429,8,1.0,0.0
25517,857336478617065048,spectral_match,phthalate,C1=CC=C(C(=C1)C(=O)O)C(=O)O,,149.023,21.598,0.93170065,8,1.0,0.0
26114,857336479766304428,spectral_match,phthalate,C1=CC=C(C(=C1)C(=O)O)C(=O)O,,149.023,22.252,0.88919765,8,1.0,0.0
20933,857336473315464360,denovo,monobutyl ester,CCCCOC(=O)C1=CC=CC=C1C(=O)O,C12H14O4,223.097,17.54,-0.904,8,0.7463601127477195,0.2536398872522805
1420,857336430227376852,spectral_match,Ammedlide,C1(=NC(=O)NC(=O)N1)N,,129.041,0.987,0.93777883,8,0.5738552818672685,0.4261447181327314
763,857336428130224768,structure_db_match,"2-Oxo-4,6-diamino-1-azonia-2,3-dihydro-1,3,5-triazine",C1(=NC(=NC(=O)N1)N)N,C3H5N5O,128.057,0.927,0.877,8,0.5501512498842633,0.44984875011573666
3190,857336432567798572,denovo,7-methyl-1H-benzo[d]imidazole,CC1=C2C(=CC=C1)NC=N2,C8H8N2,133.076,3.978,-1.558,8,0.46129026725251154,0.5387097327474885
6265,857336443326188760,denovo,"3,5-di-tert-butyl-2-hydroxybenzaldehyde",CC(C)(C)C1=CC(=C(C(=C1)C(C)(C)C)O)C=O,C15H22O2,235.154,6.892,-1.205,8,0.4298192931446346,0.5701807068553654
15127,857336463878279676,spectral_match,"3,5-Di-t-butyl-4-hydroxybenzaldehyde",CC(C)(C)C1=CC(=CC(=C1O)C(C)(C)C)C=O,,235.166,13.186,0.99607265,8,0.362871646605292,0.6371283533947081
7066,857336445901491548,denovo,1-(6-Pentoxypyridin-3-yl)ethanone,CCCCCOC1=NC=C(C=C1)C(=O)C,C12H17NO2,208.133,7.337,-1.757,8,0.2229421286974467,0.7770578713025533
21504,857336473835558100,spectral_match,Uvinul A Plus,CCCCCCOC(=O)C1=CC=CC=C1C(=O)C2=C(C=C(C=C2)N(CC)CC)O,,398.233,17.996,0.9301528,9,1.0,0.0
25414,857336478419932744,spectral_match,Fleximel,CCCCC(CC)COC(=O)C1=CC=CC=C1C(=O)OCC(CC)CCCC,,391.284,21.484,0.89492315,9,1.0,0.0
25626,857336479078438516,spectral_match,Fleximel,CCCCC(CC)COC(=O)C1=CC=CC=C1C(=O)OCC(CC)CCCC,,391.284,21.663,0.9842095,9,1.0,0.0
26099,857336479669835428,spectral_match,Palatinol N-d4,CC(C)CCCCCCOC(=O)C1=CC=CC=C1C(=O)OCCCCCCC(C)C,,419.315,22.214,0.95747775,9,1.0,0.0
26117,857336479711778472,spectral_match,Fleximel,CCCCC(CC)COC(=O)C1=CC=CC=C1C(=O)OCC(CC)CCCC,,391.284,22.239,0.9900106,9,1.0,0.0
26479,857336480269620948,spectral_match,Palatinol N-d4,CC(C)CCCCCCOC(=O)C1=CC=CC=C1C(=O)OCCCCCCC(C)C,,419.316,22.755,0.9885421,9,1.0,0.0
26568,857336480500307684,spectral_match,Palatinol N-d4,CC(C)CCCCCCOC(=O)C1=CC=CC=C1C(=O)OCCCCCCC(C)C,,419.316,22.874,0.9966068,9,1.0,0.0
26594,857336480554833640,denovo,Isononyl isooctyl phthalate,CC(C)CCCCCCOC(=O)C1=CC=CC=C1C(=O)OCCCCCC(C)C,C25H40O4,405.3,22.904,-2.935,9,1.0,0.0
27438,857336481330779944,spectral_match,Sicol 184,CC(C)CCCCCCCOC(=O)C1=CC=CC=C1C(=O)OCCCCCCCC(C)C,,447.347,23.954,0.9846619,9,1.0,0.0
27672,857336481511135032,spectral_match,Hexamoll DINCH,CC(C)CCCCCCOC(=O)C1CCCCC1C(=O)OCCCCCCC(C)C,,425.362,24.384,0.97736186,9,1.0,0.0
27736,857336481599215424,spectral_match,Sicol 184,CC(C)CCCCCCCOC(=O)C1=CC=CC=C1C(=O)OCCCCCCCC(C)C,,447.347,24.527,0.9240448,9,1.0,0.0
27757,857336481649547076,spectral_match,Hexamoll DINCH,CC(C)CCCCCCOC(=O)C1CCCCC1C(=O)OCCCCCCC(C)C,,425.362,24.552,0.9890783,9,1.0,0.0
14787,857336463194608072,structure_db_match,Benzo Flex 2-45,C1=CC=C(C=C1)C(=O)OCCOCCOC(=O)C2=CC=CC=C2,C18H18O5,315.123,12.934,0.958,9,0.19112553805106083,0.8088744619489391
15029,857336463718896112,spectral_match,Benzo Flex 2-45,C1=CC=C(C=C1)C(=O)OCCOCCOC(=O)C2=CC=CC=C2,,315.123,13.117,0.8825693,9,0.19112553805106083,0.8088744619489391
15250,857336463995720196,structure_db_match,Benzo Flex 2-45,C1=CC=C(C=C1)C(=O)OCCOCCOC(=O)C2=CC=CC=C2,C18H18O5,332.149,13.287,0.953,9,0.19112553805106083,0.8088744619489391
15252,857336464104772108,spectral_match,Benzo Flex 2-45,C1=CC=C(C=C1)C(=O)OCCOCCOC(=O)C2=CC=CC=C2,,315.123,13.288,0.88925636,9,0.19112553805106083,0.8088744619489391
18030,857336470069072832,spectral_match,Sicol 160,CCCCOC(=O)C1=CC=CC=C1C(=O)OCC2=CC=CC=C2,,313.143,15.453,0.9872464,9,0.19112553805106083,0.8088744619489391
18301,857336470559806424,spectral_match,Sicol 160,CCCCOC(=O)C1=CC=CC=C1C(=O)OCC2=CC=CC=C2,,313.143,15.597,0.99539363,9,0.19112553805106083,0.8088744619489391
24591,857336477639792140,spectral_match,Benzon OO,CCCCCCCCOC1=CC(=C(C=C1)C(=O)C2=CC=CC=C2)O,,327.195,20.424,0.8459433,9,0.19112553805106083,0.8088744619489391
