spectralMatchRank	spectrumType	analogHit	querySpectrumIndex	querySpectrumScanNumber	querySpectrumMsLevel	querySpectrumCE	similarity	sharedPeaks	referenceMsLevel	referenceCE	referenceAdduct	referencePrecursorMz	referenceInstrument	referenceSmiles	referenceSplash	referenceName	referenceLinks	InChIkey2D	ionMass	retentionTimeInSeconds	retentionTimeInMinutes	alignedFeatureId	compoundId	mappingFeatureId	overallFeatureQuality
1	SPECTRUM	false	0		2	-1 eV	0.93544966	5	2	20 eV	[M + H]+	113.107	FTICR (LCMS)	C1CN2CCN1CC2	splash10-03di-1900000000-5d2d10d5a58356484167	Dabco EG	public_spectra_2506:(MSBNK-Eawag-EQ00429406)	IMNIMPAHZVJRPE	113.107	52	0.864	857336426855156312	857336426850962007	583	
1	SPECTRUM	false	0		2	-1 eV	0.94211984	12	2	75 eV	[M + H]+	212.118	Orbitrap (LCMS)	C1=CC=C(C=C1)NC(=NC2=CC=CC=C2)N	splash10-014l-9600000000-85b6b3c98dd97b4fef60	Vulkazit	public_spectra_2506:(MSBNK-LCSB-LU084505)	OWRCNXZUPFZXOS	212.118	56	0.937	857336428344134280	857336428339939975	843	
1	SPECTRUM	false	0		2	-1 eV	0.58410704	9	2	6 eV	[M + H]+	179.119	Q-ToF (LCMS)	C[N+]1(CCCC1C2=CN=CC=C2)[O-]	splash10-00o0-0900000000-cc4cb067949188e33a21	Oxynicotine	public_spectra_2506:(MSBNK-RIKEN-PR310815)	RWFBQHICRCUQJJ	179.118	56	0.939	857336428444797580	857336428440603275	867	
1	SPECTRUM	false	4		2	-1 eV	0.92628616	37	2	-1 eV (corrected -1 eV)	[M + H]+	163.123	Orbitrap (LCMS)	CNCCC=CC1=CN=CC=C1	splash10-001i-3900000000-0f0b4d318baf5ce973e3	Rivanicline	public_spectra_2506:(BRUNGS_MCEBIO_01188)	JUOSGGQXEBBCJB	163.123	57	0.942	857336428541266576	857336428537072271	862	
1	SPECTRUM	false	-1		2		0.94728816	9	2	36 eV	[M + H]+	202.180	Orbitrap (LCMS)	CC1(CC(CC(N1CCO)(C)C)O)C	splash10-0udi-9700000000-087b5eaf23f79dc93f01	4-Hydroxy-2,2,6,6-tetramethyl-1-piperidineethanol	public_spectra_2506:(MSBNK-UFZ-WANA405525AF82PH)	STEYNUVPFMIUOY	202.180	57	0.951	857336428931336864	857336428927142559	1124	
1	SPECTRUM	false	4		2	-1 eV	0.5854887	13	2	90 eV	[M + H]+	198.185	Orbitrap (LCMS)	C1CCCCCC(=O)NCCCCC1	splash10-0a4i-9000000000-e416662f79e4241365ad	Nylon 12	public_spectra_2506:(MSBNK-LCSB-LU080706)	JHWNWJKBPDFINM	198.185	57	0.952	857336429044583076	857336429040388771	913	
1	SPECTRUM	false	83		2	-1 eV	0.9365913	3	2	38 eV	[M + H]+	182.190	Orbitrap (LCMS)	C1CCC(CC1)NC2CCCCC2	splash10-001i-9000000000-e92e37956681aaf6874f	Dicha	public_spectra_2506:(MSBNK-NaToxAq-NA003746)	XBPCUCUWBYBCDP	182.190	57	0.953	857336429254298284	857336429250103979	1068	
1	SPECTRUM	false	23		2	-1 eV	0.7676911	23	2	43 eV	[M + H]+	177.102	Orbitrap (LCMS)	CN1C(CCC1=O)C2=CN=CC=C2	splash10-001i-9000000000-3828809cc3974a5ee49d	Cotinina	public_spectra_2506:(MSBNK-Eawag-EQ328207)	UIKROCXWUNQSPJ	177.102	57	0.956	857336429451430580	857336429447236275	1118	
1	SPECTRUM	false	4		2	-1 eV	0.8324613	6	2	28 eV	[M + H]+	186.222	Orbitrap (LCMS)	CCCCN(CCCC)CCCC	splash10-0540-6900000000-02729894eebfe9f6df2e	Tributilamina	public_spectra_2506:(MSBNK-Eawag-EQ315005)	IMFACGCPASFAPR	186.222	58	0.963	857336429543705272	857336429543705271	1229	
35	SPECTRUM	false	34		2	-1 eV	0.6500949	3	2	7 eV	[M + H]+	100.112	Orbitrap (LCMS)	C1CCC(CC1)N	splash10-001i-9200000000-784fd5e818b551146b97	bmse000451	public_spectra_2506:(MSBNK-CASMI_2016-SM826601)	PAFZNILMFXTMIY	100.112	58	0.973	857336430026050252	857336430021855947	925	
1	SPECTRUM	false	36		2	-1 eV	0.93777883	4	2	31 eV	[M + H]+	129.041	Orbitrap (LCMS)	C1(=NC(=O)NC(=O)N1)N	splash10-014i-9000000000-7d2fd69743056c7c7705	Ammedlide	public_spectra_2506:(MSBNK-Eawag-EQ418607)	YSKUZVBSHIWEFK	129.041	59	0.987	857336430227376852	857336430223182547	1420	
1	SPECTRUM	false	25		2	-1 eV	0.54608727	8	2	43 eV	[M + H]+	177.102	Orbitrap (LCMS)	CN1C(CCC1=O)C2=CN=CC=C2	splash10-001i-9000000000-3828809cc3974a5ee49d	Cotinina	public_spectra_2506:(MSBNK-Eawag-EQ328207)	UIKROCXWUNQSPJ	177.102	118	1.971	857336432119008024	857336432114813719	2517	
1	SPECTRUM	false	2		2	-1 eV	0.5145506	4	2	-1 eV (corrected -1 eV)	[M + H]+	192.138	Orbitrap (LCMS)	CCCC(=O)NCCC1=CC=CC=C1	splash10-05fr-0900000000-99255a9cba8f4aa82d99	Ambcb5102142	public_spectra_2506:(CCMSLIB00012176284)	ZIOZMZMOOGVIFG	192.138	246	4.097	857336432647490352	857336432643296047	3265	
1	SPECTRUM	false	118		2	-1 eV	0.99170727	4	2	45 eV	[M + H]+	239.149	Orbitrap (LCMS)	C(COCCOCCOCCOCCO)O	splash10-000i-9000000000-0432708d43c94453536a	Pentaglycol	public_spectra_2506:(MSBNK-LCSB-LU086203)	JLFNLZLINWHATN	239.149	248	4.138	857336432727182132	857336432722987827	3272	
2	SPECTRUM	false	7		2	-1 eV	0.5341721	7	2	90 eV	[M + H]+	198.185	Orbitrap (LCMS)	C1CCCCCC(=O)NCCCCC1	splash10-0a4i-9000000000-e416662f79e4241365ad	Nylon 12	public_spectra_2506:(MSBNK-LCSB-LU080706)	JHWNWJKBPDFINM	198.185	254	4.240	857336433041754944	857336433037560639	3334	
1	SPECTRUM	false	4		2	-1 eV	0.9294307	5	2	-1 eV (corrected -1 eV)	[M - H2O + H]+	149.023	Orbitrap (LCMS)	C1=CC=C(C(=C1)C(=O)O)C(=O)O	splash10-0002-3900000000-84befaf1a62e34c8ea31	phthalate	public_spectra_2506:(CCMSLIB00006113214)	XNGIFLGASWRNHJ	149.023	256	4.264	857336433155001156	857336433155001155	3364	
1	SPECTRUM	false	1		2	-1 eV	0.5400833	8	2	90 eV	[M + H]+	198.185	Orbitrap (LCMS)	C1CCCCCC(=O)NCCCCC1	splash10-0a4i-9000000000-e416662f79e4241365ad	Nylon 12	public_spectra_2506:(MSBNK-LCSB-LU080706)	JHWNWJKBPDFINM	198.185	265	4.415	857336433721232216	857336433717037911	3450	
1	SPECTRUM	false	13		2	-1 eV	0.71689147	18	2	-1 eV (corrected -1 eV)	[M - H2O + H]+	165.091	Orbitrap (LCMS)	CC1(C2CCC1(C(=O)C2)C(=O)O)C	splash10-06dj-9700000000-af7a3357ed9475ea1f74	Oprea1_690247	public_spectra_2506:(CCMSLIB00006705532)	WDODWBQJVMBHCO	165.091	280	4.665	857336435164072840	857336435164072839	3644	
1	SPECTRUM	false	2		2	-1 eV	0.79560184	3	2	20 eV	[M + H]+	253.165	Q-ToF (LCMS)	COCCOCCOCCOCCOCCO	splash10-0a4j-9100000000-257ca8328ca5e1370408	3,6,9,12,15-Pentaoxahexadecanol	public_spectra_2506:(MSBNK-EPA-ENTACT_AGILENT000010)	SLNYBUIEAMRFSZ	253.165	292	4.872	857336436086819752	857336436082625447	3831	
1	SPECTRUM	false	24		2	-1 eV	0.50400054	7	2	90 eV	[M + H]+	198.185	Orbitrap (LCMS)	C1CCCCCC(=O)NCCCCC1	splash10-0a4i-9000000000-e416662f79e4241365ad	Nylon 12	public_spectra_2506:(MSBNK-LCSB-LU080706)	JHWNWJKBPDFINM	198.185	301	5.022	857336436313312176	857336436309117871	3944	
1	SPECTRUM	false	54		2	-1 eV	0.94354945	5	2	-1 eV (corrected -1 eV)	[M - H2O + H]+	149.023	Orbitrap (LCMS)	C1=CC=C(C(=C1)C(=O)O)C(=O)O	splash10-0002-3900000000-84befaf1a62e34c8ea31	phthalate	public_spectra_2506:(CCMSLIB00006113214)	XNGIFLGASWRNHJ	149.023	302	5.039	857336436527221688	857336436523027383	3954	
1	SPECTRUM	false	6		2	-1 eV	0.8246356	3	2	-1 eV (corrected -1 eV)	[M - H2O + H]+	95.049	Orbitrap (LCMS)	CC=CC=CC(=O)O	splash10-014i-9000000000-06b005d2f9e6ad19b1f3	Panosorb	public_spectra_2506:(CCMSLIB00010114225)	WSWCOQWTEOXDQX	95.049	313	5.215	857336438133640176	857336438129445871	4171	
1	SPECTRUM	false	2		2	-1 eV	0.96988666	8	2	75 eV	[M + H]+	212.118	Orbitrap (LCMS)	C1=CC=C(C=C1)NC(=NC2=CC=CC=C2)N	splash10-014l-9600000000-85b6b3c98dd97b4fef60	Vulkazit	public_spectra_2506:(MSBNK-LCSB-LU084505)	OWRCNXZUPFZXOS	212.118	323	5.375	857336438766980104	857336438762785799	4364	
1	SPECTRUM	false	19		2	-1 eV	0.97280025	5	2	-1 eV (corrected -1 eV)	[M + H]+	459.280	N/A	C(COCCOCCOCCOCCOCCOCCOCCOCCOCCO)O	splash10-0019-9600000000-64cd347fe8e46b4cc0c5	Polyoxyethylene (10)	public_spectra_2506:(CCMSLIB00003135910)	DTPCFIHYWYONMD	459.280	341	5.691	857336439559703592	857336439555509287	4645	
1	SPECTRUM	false	17		2	-1 eV	0.60484236	13	2	-1 eV (corrected -1 eV)	[M - H2O + H]+	211.133	Orbitrap (LCMS)	CC(=O)CCCCC(=O)CCCCC(=O)O	splash10-053r-6900000000-19a568a9cba12fdfebc6	6,11-dioxododecanoic Acid	public_spectra_2506:(CCMSLIB00006702925)	OIAVTFGRDNUKCM	211.133	345	5.755	857336439819750452	857336439819750451	4789	
2	SPECTRUM	false	3		2	-1 eV	0.9312041	6	2	-1 eV (corrected -1 eV)	[M + H]+	503.306	N/A	C(COCCOCCOCCOCCOCCOCCOCCOCCOCCOCCO)O	splash10-0019-9700000000-90eea70ae3ee153baa75	Undecaethylene glycol	public_spectra_2506:(CCMSLIB00003138415)	PSVXZQVXSXSQRO	503.306	355	5.911	857336440100768832	857336440100768831	4892	
1	SPECTRUM	false	-1		2		0.6622174	8	2	-1 eV (corrected -1 eV)	[M + H]+	196.097	Orbitrap (LCMS)	CC(CC1=CC=C(C=C1)O)(C(=O)O)N	splash10-052b-9800000000-97711231a184782cb460	alpha-MPT	public_spectra_2506:(BRUNGS_MCEBIO_07687)	NHTGHBARYWONDQ	196.097	358	5.963	857336440541170768	857336440541170767	5081	
20	SPECTRUM	false	1		2	-1 eV	0.92730117	3	2	20 eV	[M + H]+	196.206	Q-ToF (LCMS)	CN(C1CCCCC1)C2CCCCC2	splash10-06sj-8900000000-41c7e949e2ea03cbffe3	Dicyclohexylmethylamine	public_spectra_2506:(MSBNK-EPA-ENTACT_AGILENT000545)	GSCCALZHGUWNJW	196.206	368	6.131	857336441036098660	857336441036098659	5234	
1	SPECTRUM	false	3		2	-1 eV	0.6539915	12	2	75 eV	[M + H]+	163.039	Orbitrap (LCMS)	CC1=CC2=C(C=C1)C(=O)OC2=O	splash10-0002-9400000000-95f109849d9ce2ecdf9d	Ambap19438-61-0	public_spectra_2506:(MSBNK-LCSB-LU019405)	ZOXBWJMCXHTKNU	163.039	383	6.375	857336441841405056	857336441841405055	5622	
1	SPECTRUM	false	41		2	-1 eV	0.89533746	13	2	32 eV	[M + H]+	134.071	Orbitrap (LCMS)	CC1=CC=CC2=NNN=C12	splash10-004j-9100000000-289c01d8d9d7d416ac8c	Tolytriazole	public_spectra_2506:(MSBNK-Eawag-EQ279107)	CMGDVUCDZOBDNL	134.071	390	6.502	857336442319555740	857336442319555739	5795	
1	SPECTRUM	false	14		2	-1 eV	0.72254956	27	2	-1 eV (corrected -1 eV)	[M + H]+	251.164	FTICR (LCMS)	CC1=C2C=C(C(CCC2(CCC1=O)C)CO)CO	null-null-null-null	Compound NP-011389	public_spectra_2506:(CCMSLIB00004708274)	DPBOXKYWJVXMAW	251.164	416	6.941	857336443808533748	857336443804339443	6454	
1	SPECTRUM	false	-1		2		0.63629127	20	2	55 eV	[M + H]+	267.159	Orbitrap (LCMS)	CC1=CC23C(CC1)(C4(CC(C(C4(O2)CO)O3)O)C)C	splash10-006t-9700000000-9c97a27f98cb9e474872	Sambucinol	public_spectra_2506:(MSBNK-AAFC-AC000573)	GFLMBFRNOPTZDK	267.159	420	7.008	857336444051803392	857336444047609087	6549	
1	SPECTRUM	false	4		2	-1 eV	0.9910265	6	2	28 eV	[M + H]+	186.222	Orbitrap (LCMS)	CCCCN(CCCC)CCCC	splash10-0540-6900000000-02729894eebfe9f6df2e	Tributilamina	public_spectra_2506:(MSBNK-Eawag-EQ315005)	IMFACGCPASFAPR	186.222	422	7.037	857336444383153424	857336444383153423	6590	
1	SPECTRUM	false	5		2	-1 eV	0.5104399	5	2	-1 eV (corrected -1 eV)	[M + H]+	229.143	Orbitrap (LCMS)	CC1=C(COC1=O)CCCCC(C(C)O)O	splash10-054o-9000000000-4547dfb4f49340eccdd3	Compound NP-008952	public_spectra_2506:(BRUNGS_NIHNP_00296)	HNNQILZBIHECCU	229.141	432	7.205	857336445318483260	857336445318483259	6849	
1	SPECTRUM	false	0		2	-1 eV	0.95281935	11	2	27 eV	[M + H]+	152.017	Orbitrap (LCMS)	C1=CC=C2C(=C1)NC(=O)S2	splash10-0giu-8900000000-d9c8bde35644ee90f45a	benzothiazolol	public_spectra_2506:(MSBNK-Eawag-EQ337506)	YEDUAINPPJYDJZ	152.017	447	7.450	857336446534831488	857336446530637183	7229	
1	SPECTRUM	false	-1		2		0.7824392	7	2	19 eV	[M + H]+	277.128	Orbitrap (LCMS)	CCOC(=O)CC(CC(=O)OCC)(C(=O)OCC)O	splash10-0a4i-0900000000-550d7ef825027f130a1e	Eudraflex	public_spectra_2506:(MSBNK-CASMI_2016-SM878101)	DOOTYTYQINUNNV	277.128	460	7.669	857336447424023988	857336447419829683	7477	
1	SPECTRUM	false	-1		2		0.76648915	7	2	19 eV	[M + H]+	277.128	Orbitrap (LCMS)	CCOC(=O)CC(CC(=O)OCC)(C(=O)OCC)O	splash10-0a4i-0900000000-550d7ef825027f130a1e	Eudraflex	public_spectra_2506:(MSBNK-CASMI_2016-SM878101)	DOOTYTYQINUNNV	277.128	471	7.855	857336447939923412	857336447939923411	7927	
1	SPECTRUM	false	18		2	-1 eV	0.81277573	8	2	-1 eV (corrected -1 eV)	[M + H]+	277.128	Orbitrap (LCMS)	CCOC(=O)CC(CC(=O)OCC)(C(=O)OCC)O	splash10-0a4i-0900000000-21415634324b5ba3c209	Eudraflex	public_spectra_2506:(CCMSLIB00000579680)	DOOTYTYQINUNNV	277.128	491	8.186	857336448493571584	857336448493571583	8327	
1	SPECTRUM	false	0		2	-1 eV	0.60169995	13	2	-1 eV (corrected -1 eV)	[M - H2O + H]+	195.138	Orbitrap (LCMS)	CC(C)(CCCCCC1C=CC(=O)O1)O	splash10-05ox-9100000000-201b748673e6061eeb62	(2S)-2-(6-hydroxy-6-methylheptyl)-2H-furan-5-one	public_spectra_2506:(BRUNGS_NIHNP_00946)	RFEPDQFPTNCOBK	195.138	524	8.738	857336449592479308	857336449592479307	9050	
3	SPECTRUM	false	4		2	-1 eV	0.5944911	16	2	40 eV	[M + H]+	204.102	Q-ToF (LCMS)	CC1=CC(=O)OC2=C1C=CC(=C2)N(C)C	splash10-00lr-1900000000-9e90c2b4e43aa2729250	Coumarin 311	public_spectra_2506:(MSBNK-EPA-ENTACT_AGILENT000126)	GZEYLLPOQRZUDF	204.102	526	8.761	857336449709919828	857336449709919827	9089	
2	SPECTRUM	false	0		2	-1 eV	0.77124095	5	2	-1 eV (corrected -1 eV)	[M - H2O + H]+	135.080	N/A	CC(COC1=CC=CC=C1)O	splash10-0a4i-1900000000-60d48a5a6d446cbbf4da	Phenoxyisopropanol	public_spectra_2506:(CCMSLIB00003135283)	IBLKWZIFZMJLFL	135.081	529	8.810	857336449768640088	857336449768640087	9192	
1	SPECTRUM	false	0		2	-1 eV	0.8274949	9	2	-1 eV (corrected -1 eV)	[M + H]+	277.128	Orbitrap (LCMS)	CCOC(=O)CC(CC(=O)OCC)(C(=O)OCC)O	splash10-0a4i-0900000000-21415634324b5ba3c209	Eudraflex	public_spectra_2506:(CCMSLIB00000579680)	DOOTYTYQINUNNV	277.128	534	8.895	857336450703969936	857336450703969935	9253	
1	SPECTRUM	false	9		2	-1 eV	0.9661962	4	2	32 eV	[M + H]+	216.159	Orbitrap (LCMS)	CCCCN(CCC(=O)OCC)C(=O)C	splash10-000i-9000000000-a14f97b78541a2b61e6a	Merck 3535	public_spectra_2506:(MSBNK-Eawag-EQ01142105)	VZRKEAFHFMSHCD	216.160	543	9.049	857336451148566188	857336451148566187	9475	
1	SPECTRUM	false	11		2	-1 eV	0.5903354	9	2	-1 eV (corrected -1 eV)	[M + H]+	203.128	Orbitrap (LCMS)	CC(CC1CCC(O1)C(C)C(=O)O)O	splash10-066u-9000000000-c9bc9bd02dd27c473e8a	(2S)-2-[(2S,5R)-5-[(2R)-2-hydroxypropyl]oxolan-2-yl]propanoic acid	public_spectra_2506:(BRUNGS_NIHNP_01226)	IVOODSRSVJPWLY	203.128	553	9.214	857336451450556096	857336451446361791	9662	
3	SPECTRUM	false	1		2	-1 eV	0.75588167	8	2	20 eV	[M + H]+	269.201	Q-ToF (LCMS)	CC(C)CC(C)N(C1=CC=CC=C1)C2=CC=C(C=C2)N	splash10-001i-0910000000-f3c389f3588fb33f954a	N-(1,3-Dimethylbutyl)-N-phenylbenzene-1,4-diamine	public_spectra_2506:(MSBNK-EPA-ENTACT_AGILENT000350)	KZTCAXCBXSIQSS	269.201	570	9.506	857336452637544184	857336452637544183	10008	
1	SPECTRUM	false	3		2	-1 eV	0.7704625	4	2	-1 eV (corrected -1 eV)	[M - H2O + H]+	135.080	N/A	CC(COC1=CC=CC=C1)O	splash10-0a4i-1900000000-60d48a5a6d446cbbf4da	Phenoxyisopropanol	public_spectra_2506:(CCMSLIB00003135283)	IBLKWZIFZMJLFL	135.080	572	9.537	857336452805316356	857336452805316355	10052	
1	SPECTRUM	false	0		2	-1 eV	0.92897713	4	2	28 eV	[M + H]+	284.961	Orbitrap (LCMS)	C(CCl)OP(=O)(OCCCl)OCCCl	splash10-03dj-9200000000-2f9c23d3696687adbe54	Fyrol CF	public_spectra_2506:(MSBNK-UFZ-WANA016713D9F1PH)	HQUQLFOMPYWACS	284.961	573	9.550	857336452981477136	857336452977282831	10094	
1	SPECTRUM	false	4		2	-1 eV	0.55363953	13	2	-1 eV (corrected -1 eV)	[M + H]+	209.117	Orbitrap (LCMS)	CC=CC1=CC(=C(C=C1OC)OC)OC	splash10-0pdi-3900000000-ab8e002eb15cf81e9b37	Asarone	public_spectra_2506:(BRUNGS_MCEBIO_07343)	RKFAZBXYICVSKP	209.117	590	9.833	857336453572874044	857336453568679739	10469	
2	SPECTRUM	false	1		2	-1 eV	0.7107663	5	2	30 eV	[M + H]+	198.185	Orbitrap (LCMS)	C1CCCCCC(=O)NCCCCC1	splash10-0002-0900000000-559af09422163ba298d1	Nylon 12	public_spectra_2506:(MSBNK-LCSB-LU080702)	JHWNWJKBPDFINM	198.185	591	9.843	857336453518348088	857336453518348087	10492	
1	SPECTRUM	false	4		2	-1 eV	0.76787794	8	2	-1 eV (corrected -1 eV)	[M + H]+	214.090	Orbitrap (LCMS)	CCCCNS(=O)(=O)C1=CC=CC=C1	splash10-002b-9300000000-ad9376f9fad04a10a8bd	Uniplex 214	public_spectra_2506:(CCMSLIB00012728766)	IPRJXAGUEGOFGG	214.090	592	9.865	857336453623205696	857336453619011391	10503	
1	SPECTRUM	false	0		2	-1 eV	0.74579996	7	2	-1 eV (corrected -1 eV)	[M + H]+	214.090	Orbitrap (LCMS)	CCCCNS(=O)(=O)C1=CC=CC=C1	splash10-002b-9300000000-ad9376f9fad04a10a8bd	Uniplex 214	public_spectra_2506:(CCMSLIB00012728766)	IPRJXAGUEGOFGG	214.090	596	9.938	857336453837115216	857336453837115215	10601	
3	SPECTRUM	false	13		2	-1 eV	0.783961	6	2	30 eV	[M + H]+	198.185	Orbitrap (LCMS)	C1CCCCCC(=O)NCCCCC1	splash10-0002-0900000000-559af09422163ba298d1	Nylon 12	public_spectra_2506:(MSBNK-LCSB-LU080702)	JHWNWJKBPDFINM	198.185	600	10.007	857336453941972824	857336453941972823	10685	
1	SPECTRUM	false	14		2	-1 eV	0.92206067	11	2	-1 eV (corrected -1 eV)	[M + H]+	192.138	Orbitrap (LCMS)	CCN(CC)C(=O)C1=CC=CC(=C1)C	splash10-014l-5900000000-3854fb6fb614291d3537	Delphene	public_spectra_2506:(BRUNGS_MCEBIO_07450)	MMOXZBCLCQITDF	192.138	603	10.047	857336454046830432	857336454046830431	10741	
1	SPECTRUM	false	-1		2		0.8078584	13	2	-1 eV (corrected -1 eV)	[M + H]+	279.093	N/A	C1=CC=C(C=C1)P(=O)(C2=CC=CC=C2)C3=CC=CC=C3	splash10-0gdi-0490000000-b19b81d14be3e19973e6	Triphenylphosphanoxid	public_spectra_2506:(CCMSLIB00003139711)	FIQMHBFVRAXMOP	279.093	609	10.144	857336454197825388	857336454197825387	10835	
1	SPECTRUM	false	3		2	-1 eV	0.86267984	7	2	60 eV	[M + H]+	230.175	Orbitrap (LCMS)	CCC(C)OC(=O)N1CCCCC1CCO	splash10-001i-7900000000-f37268309c628ceaa722	Bayrepel	public_spectra_2506:(MSBNK-LCSB-LU045904)	QLHULAHOXSSASE	230.175	610	10.172	857336454353014648	857336454353014647	10874	
1	SPECTRUM	false	7		2	-1 eV	0.7689002	6	2	-1 eV (corrected -1 eV)	[M + H]+	214.090	Orbitrap (LCMS)	CCCCNS(=O)(=O)C1=CC=CC=C1	splash10-002b-9300000000-ad9376f9fad04a10a8bd	Uniplex 214	public_spectra_2506:(CCMSLIB00012728766)	IPRJXAGUEGOFGG	214.090	612	10.198	857336454466260864	857336454462066559	10946	
1	SPECTRUM	false	37		2	-1 eV	0.90075797	25	2	75 eV	[M + H]+	198.185	Orbitrap (LCMS)	C1CCCCCC(=O)NCCCCC1	splash10-0a4i-9100000000-11f8d6de963cd1b8514d	Nylon 12	public_spectra_2506:(MSBNK-LCSB-LU080705)	JHWNWJKBPDFINM	198.185	617	10.288	857336454508203908	857336454504009603	11050	
1	SPECTRUM	false	1		2	-1 eV	0.51190335	14	2	-1 eV (corrected -1 eV)	[M + H]+	217.143	Orbitrap (LCMS)	CCC(CC1CCC(O1)C(C)C(=O)O)O	splash10-05qc-9000000000-ae3de59d86b4dc4a633e	Homononactinic acid	public_spectra_2506:(BRUNGS_NIHNP_01399)	HTCUURQJNZBKIA	217.144	622	10.373	857336454596284300	857336454596284299	11184	
1	SPECTRUM	false	0		2	-1 eV	0.91294837	5	2	35 eV	[M + H]+	225.196	Q-ToF (LCMS)	C1CCC(CC1)NC(=O)NC2CCCCC2	splash10-0bu3-9200000000-fb15d02b9e626f40ced9	Oprea1_447813	public_spectra_2506:(MSBNK-MSSJ-MSJ00195)	ADFXKUOMJKEIND	225.196	624	10.401	857336454680170388	857336454680170387	11199	
1	SPECTRUM	false	7		2	-1 eV	0.9318055	5	2	35 eV	[M + H]+	225.196	Q-ToF (LCMS)	C1CCC(CC1)NC(=O)NC2CCCCC2	splash10-0bu3-9200000000-fb15d02b9e626f40ced9	Oprea1_447813	public_spectra_2506:(MSBNK-MSSJ-MSJ00195)	ADFXKUOMJKEIND	225.196	633	10.542	857336455032491952	857336455032491951	11375	
1	SPECTRUM	false	1		2	-1 eV	0.79567575	8	2	38 eV	[M + H]+	158.027	Orbitrap (LCMS)	C1=CC=C(C=C1)S(=O)(=O)N	splash10-0zi1-9100000000-2e3a4ce0df32e1b5ce84	benzolsulfonamid	public_spectra_2506:(MSBNK-Eawag-EQ359507)	KHBQMWCZKVMBLN	158.027	643	10.718	857336455380619208	857336455376424903	11626	
1	SPECTRUM	false	64		2	-1 eV	0.7874699	10	2	-1 eV (corrected -1 eV)	[M + H]+	214.090	Orbitrap (LCMS)	CCCCNS(=O)(=O)C1=CC=CC=C1	splash10-002b-9300000000-ad9376f9fad04a10a8bd	Uniplex 214	public_spectra_2506:(CCMSLIB00012728766)	IPRJXAGUEGOFGG	214.090	643	10.719	857336455460310988	857336455456116683	11629	
1	SPECTRUM	false	31		2	-1 eV	0.958783	5	2	35 eV	[M + H]+	225.196	Q-ToF (LCMS)	C1CCC(CC1)NC(=O)NC2CCCCC2	splash10-0bu3-9200000000-fb15d02b9e626f40ced9	Oprea1_447813	public_spectra_2506:(MSBNK-MSSJ-MSJ00195)	ADFXKUOMJKEIND	225.196	645	10.758	857336455535808464	857336455535808463	11690	
2	SPECTRUM	false	0		2	-1 eV	0.89844793	3	2	-1 eV (corrected -1 eV)	[M + H]+	214.253	N/A	CCCCCCCCCCCCCCN	splash10-08mi-9050000000-3249ccc90ee28bebc09f	Armeen 14	public_spectra_2506:(CCMSLIB00003136539)	PLZVEHJLHYMBBY	214.253	658	10.968	857336455917490152	857336455917490151	11951	
1	SPECTRUM	false	0		2	-1 eV	0.7186265	13	2	-1 eV (corrected -1 eV)	[M + H]+	263.082	FTICR (LCMS)	C1=CC=C2C(=C1)C(=O)C(=C3C(=O)C4=CC=CC=C4N3)N2	null-null-null-null	Indigo J	public_spectra_2506:(CCMSLIB00004708139)	COHYTHOBJLSHDF	263.082	665	11.077	857336456135593976	857336456135593975	12114	
1	SPECTRUM	false	-1		2		0.791339	3	2	-1 eV (corrected -1 eV)	[M + H]+	214.253	N/A	CCCCCCCCCCCCCCN	splash10-08mi-9050000000-3249ccc90ee28bebc09f	Armeen 14	public_spectra_2506:(CCMSLIB00003136539)	PLZVEHJLHYMBBY	214.253	667	11.117	857336456257228800	857336456257228799	12180	
1	SPECTRUM	false	21		2	-1 eV	0.894141	7	2	75 eV	[M + H]+	171.138	Orbitrap (LCMS)	CCCCC1CCCCC(=O)O1	splash10-0a4i-9000000000-aca0fbc4e0ebd5ea896d	|A-Decalactone	public_spectra_2506:(MSBNK-LCSB-LU071705)	YKVIWISPFDZYOW	171.138	668	11.130	857336456374669320	857336456374669319	12200	
1	SPECTRUM	false	2		2	-1 eV	0.9412812	3	2	16 eV	[M + H]+	230.248	Orbitrap (LCMS)	CCCCCCCCCCCC[N+](C)(C)[O-]	splash10-053r-5090000000-aa2a283929dbfc2371fa	Admox 12	public_spectra_2506:(MSBNK-CASMI_2016-SM876801)	SYELZBGXAIXKHU	230.248	671	11.183	857336456752156704	857336456752156703	12286	
2	SPECTRUM	false	0		2	-1 eV	0.76204556	4	2	-1 eV (corrected -1 eV)	[M + H]+	343.296	Q-ToF (LCMS)	CCCCCCCCCCCC(=O)NCCC[N+](C)(C)CC(=O)O	splash10-0006-0090000000-169a32feae2bc2f5479f	Empigen BR	public_spectra_2506:(CCMSLIB00000077206)	MRUAUOIMASANKQ	343.296	671	11.191	857336456689242140	857336456689242139	12253	
1	SPECTRUM	false	36		2	-1 eV	0.9500762	4	2	-1 eV (corrected -1 eV)	[M + H]+	214.253	N/A	CCCCCCCCCCCCCCN	splash10-08mi-9050000000-3249ccc90ee28bebc09f	Armeen 14	public_spectra_2506:(CCMSLIB00003136539)	PLZVEHJLHYMBBY	214.253	677	11.287	857336457200947260	857336457200947259	12429	
1	SPECTRUM	false	2		2	-1 eV	0.8472764	6	2	75 eV	[M + H]+	171.138	Orbitrap (LCMS)	CCCCC1CCCCC(=O)O1	splash10-0a4i-9000000000-aca0fbc4e0ebd5ea896d	|A-Decalactone	public_spectra_2506:(MSBNK-LCSB-LU071705)	YKVIWISPFDZYOW	171.138	677	11.288	857336457263861824	857336457263861823	12469	
2	SPECTRUM	false	22		2	-1 eV	0.7716065	3	2	-1 eV (corrected -1 eV)	[M + H]+	343.296	Q-ToF (LCMS)	CCCCCCCCCCCC(=O)NCCC[N+](C)(C)CC(=O)O	splash10-0006-0090000000-169a32feae2bc2f5479f	Empigen BR	public_spectra_2506:(CCMSLIB00000077206)	MRUAUOIMASANKQ	343.296	680	11.342	857336457561657428	857336457561657427	12541	
1	SPECTRUM	false	5		2	-1 eV	0.63639545	8	2	-1 eV (corrected -1 eV)	[M + H]+	231.159	Orbitrap (LCMS)	CCC(C(C)C1CCC(O1)C(C)C(=O)O)O	splash10-0006-9000000000-5917c6ad3501b4d125ee	Compound NP-018736	public_spectra_2506:(BRUNGS_NIHNP_02850)	FPFVHQZOSARFLC	231.159	689	11.476	857336457922367596	857336457918173291	12752	
1	SPECTRUM	false	22		2	-1 eV	0.8020742	29	2	-1 eV (corrected -1 eV)	[M + H]+	263.082	FTICR (LCMS)	C1=CC=C2C(=C1)C(=O)C(=C3C(=O)C4=CC=CC=C4N3)N2	null-null-null-null	Indigo J	public_spectra_2506:(CCMSLIB00004708139)	COHYTHOBJLSHDF	263.082	689	11.483	857336458228551808	857336458224357503	12766	
1	SPECTRUM	false	7		2	-1 eV	0.9768408	3	2	-1 eV (corrected -1 eV)	[M + H]+	327.008	Orbitrap (LCMS)	CC(CCl)OP(=O)(OC(C)CCl)OC(C)CCl	splash10-0002-9000000000-f1ff3b060e09f673f5f5	Amgard TMCP	public_spectra_2506:(CCMSLIB00012728811)	KVMPUXDNESXNOH	327.008	690	11.506	857336458517958804	857336458517958803	12809	
1	SPECTRUM	false	0		2	-1 eV	0.50976205	4	2	72 eV	[M + H]+	240.138	Orbitrap (LCMS)	CN(C)C(=O)C(C1=CC=CC=C1)C2=CC=CC=C2	splash10-014i-3900000000-f308d6d21b34b89c7dcd	Diherbid	public_spectra_2506:(MSBNK-Eawag-EQ01123608)	QAHFOPIILNICLA	240.138	695	11.578	857336458941583536	857336458937389231	12947	
1	SPECTRUM	false	4		2	-1 eV	0.97741765	3	2	-1 eV (corrected -1 eV)	[M + H]+	327.008	Orbitrap (LCMS)	CC(CCl)OP(=O)(OC(C)CCl)OC(C)CCl	splash10-0002-9000000000-f1ff3b060e09f673f5f5	Amgard TMCP	public_spectra_2506:(CCMSLIB00012728811)	KVMPUXDNESXNOH	327.008	698	11.632	857336459134521532	857336459134521531	13034	
8	SPECTRUM	false	54		2	-1 eV	0.9764785	3	2	-1 eV (corrected -1 eV)	[M + H]+	327.008	Orbitrap (LCMS)	CC(CCl)OP(=O)(OC(C)CCl)OC(C)CCl	splash10-0002-9000000000-f1ff3b060e09f673f5f5	Amgard TMCP	public_spectra_2506:(CCMSLIB00012728811)	KVMPUXDNESXNOH	327.008	722	12.028	857336460606722336	857336460606722335	13556	
1	SPECTRUM	false	0		2	-1 eV	0.9821046	8	2	60 eV	[M + H]+	198.185	Orbitrap (LCMS)	CCCCCCCCN1CCCC1=O	splash10-000i-9200000000-bb15bd6cfd47a794d836	N-Octylpyrrolidone	public_spectra_2506:(MSBNK-LCSB-LU086504)	WPPOGHDFAVQKLN	198.185	740	12.339	857336461634326884	857336461630132579	13937	
1	SPECTRUM	false	2		2	-1 eV	0.9812781	8	2	60 eV	[M + H]+	198.185	Orbitrap (LCMS)	CCCCCCCCN1CCCC1=O	splash10-000i-9200000000-bb15bd6cfd47a794d836	N-Octylpyrrolidone	public_spectra_2506:(MSBNK-LCSB-LU086504)	WPPOGHDFAVQKLN	198.185	749	12.490	857336462129254780	857336462129254779	14132	
1	SPECTRUM	false	67		2	-1 eV	0.9868309	9	2	60 eV	[M + H]+	198.185	Orbitrap (LCMS)	CCCCCCCCN1CCCC1=O	splash10-000i-9200000000-bb15bd6cfd47a794d836	N-Octylpyrrolidone	public_spectra_2506:(MSBNK-LCSB-LU086504)	WPPOGHDFAVQKLN	198.185	761	12.689	857336462640959904	857336462636765599	14414	
1	SPECTRUM	false	0		2	-1 eV	0.58033586	15	2	-1 eV (corrected -1 eV)	[M + H]+	219.113	Orbitrap (LCMS)	CN1C=C(C2=CC=CC=C21)CC(C(=O)O)N	splash10-05o3-0900000000-b75646f07f987eef1e5b	ACMC-20aota	public_spectra_2506:(BRUNGS_MCEBIO_06871)	ZADWXFSZEAPBJS	219.113	774	12.906	857336463093944768	857336463093944767	14761	
1	SPECTRUM	false	4		2	-1 eV	0.51804525	7	2	-1 eV (corrected -1 eV)	[M + H]+	149.060	Orbitrap (LCMS)	CC(=O)C(=O)C1=CC=CC=C1	splash10-0r00-9700000000-6c0d70bb580ba63c954f	Acetylbenzoyl	public_spectra_2506:(BRUNGS_MCEBIO_07459)	BVQVLAIMHVDZEL	149.060	777	12.945	857336463299465680	857336463299465679	14825	
1	SPECTRUM	false	6		2	-1 eV	0.5110587	7	2	-1 eV (corrected -1 eV)	[M + H]+	149.060	Orbitrap (LCMS)	CC(=O)C(=O)C1=CC=CC=C1	splash10-0r00-9700000000-6c0d70bb580ba63c954f	Acetylbenzoyl	public_spectra_2506:(BRUNGS_MCEBIO_07459)	BVQVLAIMHVDZEL	149.060	786	13.105	857336463618232808	857336463618232807	15010	
1	SPECTRUM	false	-1		2		0.8825693	3	2	20 eV	[M + H]+	315.123	Q-ToF (LCMS)	C1=CC=C(C=C1)C(=O)OCCOCCOC(=O)C2=CC=CC=C2	splash10-0002-0900000000-0445305e588743636827	Benzo Flex 2-45	public_spectra_2506:(MSBNK-EPA-ENTACT_AGILENT000432)	NXQMCAOPTPLPRL	315.123	787	13.117	857336463718896112	857336463718896111	15029	
1	SPECTRUM	false	4		2	-1 eV	0.99607265	4	2	20 eV	[M + H]+	235.169	Q-ToF (LCMS)	CC(C)(C)C1=CC(=CC(=C1O)C(C)(C)C)C=O	splash10-0a4i-9310000000-14b849dc45f50bc66954	3,5-Di-t-butyl-4-hydroxybenzaldehyde	public_spectra_2506:(MSBNK-Antwerp_Univ-AN113104)	DOZRDZLFLOODMB	235.166	791	13.186	857336463878279676	857336463878279675	15127	
1	SPECTRUM	false	25		2	-1 eV	0.88925636	3	2	20 eV	[M + H]+	315.123	Q-ToF (LCMS)	C1=CC=C(C=C1)C(=O)OCCOCCOC(=O)C2=CC=CC=C2	splash10-0002-0900000000-0445305e588743636827	Benzo Flex 2-45	public_spectra_2506:(MSBNK-EPA-ENTACT_AGILENT000432)	NXQMCAOPTPLPRL	315.123	797	13.288	857336464104772108	857336464100577803	15252	
1	SPECTRUM	false	46		2	-1 eV	0.51993215	7	2	-1 eV (corrected -1 eV)	[M + H]+	149.060	Orbitrap (LCMS)	CC(=O)C(=O)C1=CC=CC=C1	splash10-0r00-9700000000-6c0d70bb580ba63c954f	Acetylbenzoyl	public_spectra_2506:(BRUNGS_MCEBIO_07459)	BVQVLAIMHVDZEL	149.060	797	13.289	857336464163492368	857336464163492367	15251	
1	SPECTRUM	false	0		2	-1 eV	0.6766069	5	2	-1 eV (corrected -1 eV)	[M - H2O + H]+	105.033	Orbitrap (LCMS)	C1=CC(=CC=C1C=O)O	splash10-0pb9-9500000000-380e0168bbaf585b38c5	bmse000259	public_spectra_2506:(CCMSLIB00010118513)	RGHHSNMVTDWUBI	105.034	797	13.290	857336464218018324	857336464218018323	15249	
1	SPECTRUM	false	-1		2		0.93067104	5	2	-1 eV (corrected -1 eV)	[M + H]+	267.172	N/A	CCCCOP(=O)(OCCCC)OCCCC	splash10-0002-9100000000-00d4288e3159d2330ee2	bmse000777	public_spectra_2506:(CCMSLIB00003137353)	STCOOQWBFONSKY	267.172	824	13.730	857336464796832320	857336464792638015	15721	
1	SPECTRUM	false	6		2	-1 eV	0.7618095	5	2	-1 eV (corrected -1 eV)	[M - H2O + H]+	135.080	N/A	CC(COC1=CC=CC=C1)O	splash10-0a4i-1900000000-60d48a5a6d446cbbf4da	Phenoxyisopropanol	public_spectra_2506:(CCMSLIB00003135283)	IBLKWZIFZMJLFL	135.080	831	13.845	857336464947827276	857336464947827275	15908	
1	SPECTRUM	false	-1		2		0.9699357	3	2	19 eV	[M + H]+	267.172	Orbitrap (LCMS)	CC(C)COP(=O)(OCC(C)C)OCC(C)C	splash10-0002-9000000000-9db29eb874c1325dd8dd	Isobutyl phosphate	public_spectra_2506:(MSBNK-CASMI_2016-SM880801)	HRKAMJBPFPHCSD	267.172	848	14.137	857336465585361532	857336465585361531	16303	
1	SPECTRUM	false	3		2	-1 eV	0.9787819	3	2	-1 eV (corrected -1 eV)	[M + H]+	270.316	N/A	CCCCCCCCCCCCCCCCCCN	splash10-00di-8090000000-2b41a517cdb31566b407	Amine AB	public_spectra_2506:(CCMSLIB00003137558)	REYJJPSVUYRZGE	270.316	849	14.143	857336465639887488	857336465639887487	16282	
1	SPECTRUM	false	1		2	-1 eV	0.9243337	19	2	23 eV	[M + H]+	327.078	Orbitrap (LCMS)	C1=CC=C(C=C1)OP(=O)(OC2=CC=CC=C2)OC3=CC=CC=C3	splash10-004i-1339000000-6c7a210d60b2af8fc670	Reofos TPP	public_spectra_2506:(MSBNK-CASMI_2016-SM879502)	XZZNDPSIHUTMOC	327.078	854	14.231	857336465874768528	857336465874768527	16345	
1	SPECTRUM	false	39		2	-1 eV	0.9703481	3	2	19 eV	[M + H]+	267.172	Orbitrap (LCMS)	CC(C)COP(=O)(OCC(C)C)OCC(C)C	splash10-0002-9000000000-9db29eb874c1325dd8dd	Isobutyl phosphate	public_spectra_2506:(MSBNK-CASMI_2016-SM880801)	HRKAMJBPFPHCSD	267.172	860	14.334	857336466558440128	857336466558440127	16517	
1	SPECTRUM	false	-1		2		0.936816	23	2	23 eV	[M + H]+	327.078	Orbitrap (LCMS)	C1=CC=C(C=C1)OP(=O)(OC2=CC=CC=C2)OC3=CC=CC=C3	splash10-004i-1339000000-6c7a210d60b2af8fc670	Reofos TPP	public_spectra_2506:(MSBNK-CASMI_2016-SM879502)	XZZNDPSIHUTMOC	327.078	860	14.336	857336466453582520	857336466449388215	16423	
1	SPECTRUM	false	41		2	-1 eV	0.9498802	26	2	23 eV	[M + H]+	327.078	Orbitrap (LCMS)	C1=CC=C(C=C1)OP(=O)(OC2=CC=CC=C2)OC3=CC=CC=C3	splash10-004i-1339000000-6c7a210d60b2af8fc670	Reofos TPP	public_spectra_2506:(MSBNK-CASMI_2016-SM879502)	XZZNDPSIHUTMOC	327.078	868	14.459	857336467279860468	857336467279860467	16707	
3	SPECTRUM	false	0		2	-1 eV	0.79988337	16	2	25 eV	[M + H]+	341.094	Q-ToF (LCMS)	CC1=CC=CC=C1OP(=O)(OC2=CC=CC=C2)OC3=CC=CC=C3	splash10-0ftf-6972000000-8eae4ebb9796787dbf87	Cresyl diphenylphosphate	public_spectra_2506:(MSBNK-Antwerp_Univ-AN116605)	XMNDMAQKWSQVOV	341.094	916	15.275	857336469607699360	857336469603505055	17819	
1	SPECTRUM	false	-1		2		0.83812726	25	2	-1 eV (corrected -1 eV)	[M + H]+	251.201	Orbitrap (LCMS)	CC1(CCCC2(C1CCC3(C2CC(=O)O3)C)C)C	splash10-052f-4920000000-5557aadb6a0e059f5b65	Sclareolide	public_spectra_2506:(CCMSLIB00010122114)	IMKJGXCIJJXALX	251.201	923	15.391	857336469909689268	857336469909689267	17985	
1	SPECTRUM	false	-1		2		0.6997236	4	2	40 eV	[M + H]+	298.347	Q-ToF (LCMS)	CCCCCCCCCCCCCCCCCCN(C)C	splash10-00di-9020000000-3afd141840b6e352b5bf	Dimantina	public_spectra_2506:(MSBNK-NILU-NL0330)	NAPSCFZYZVSQHF	298.347	925	15.412	857336469960020920	857336469960020919	18013	
1	SPECTRUM	false	2		2	-1 eV	0.9872464	4	2	38 eV	[M + H]+	313.143	Orbitrap (LCMS)	CCCCOC(=O)C1=CC=CC=C1C(=O)OCC2=CC=CC=C2	splash10-0006-9100000000-df9251ce22854f1caea0	Sicol 160	public_spectra_2506:(MSBNK-Eawag-EQ359704)	IRIAEXORFWYRCZ	313.143	927	15.453	857336470069072832	857336470064878527	18030	
1	SPECTRUM	false	28		2	-1 eV	0.99539363	6	2	38 eV	[M + H]+	313.143	Orbitrap (LCMS)	CCCCOC(=O)C1=CC=CC=C1C(=O)OCC2=CC=CC=C2	splash10-0006-9100000000-df9251ce22854f1caea0	Sicol 160	public_spectra_2506:(MSBNK-Eawag-EQ359704)	IRIAEXORFWYRCZ	313.143	936	15.597	857336470559806424	857336470555612119	18301	
5	SPECTRUM	false	0		2	-1 eV	0.78340995	10	2	60 eV (corrected 60 eV)	[M + H]+	273.185	Orbitrap (LCMS)	CC1COC(=O)C2=CC3=C(C=C12)C(C(C3(C)C)C)(C)C	splash10-0a4i-0190000000-dcadc4d3aac4e7a7ac70	Galaxolidone	public_spectra_2506	PGMHPYRIXBRRQD	273.185	943	15.722	857336470677246944	857336470677246943	18470	
1	SPECTRUM	false	6		2	-1 eV	0.915008	7	2	20 eV	[M + H]+	361.222	Q-ToF (LCMS)	CCCCOC(=O)CC(CC(=O)OCCCC)(C(=O)OCCCC)O	splash10-004i-0900000000-65c74454ce3eb46dd744	Citroflex 4	public_spectra_2506:(MSBNK-EPA-ENTACT_AGILENT000551)	ZFOZVQLOBQUTQQ	361.222	951	15.842	857336470782104552	857336470782104551	18603	
1	SPECTRUM	false	2		2	-1 eV	0.5496775	8	2	-1 eV (corrected -1 eV)	[M + H]+	311.222	FTICR (LCMS)	CC(=O)C=CC1C2(CCCC(C2C(C(C1(C)O)O)O)(C)C)C	null-null-null-null	(E)-4-[(1R,2S,3S,4R,4aS,8aS)-2,3,4-trihydroxy-2,5,5,8a-tetramethyl-3,4,4a,6,7,8-hexahydro-1H-naphthalen-1-yl]but-3-en-2-one	public_spectra_2506:(CCMSLIB00004715189)	GUVJPXABQYFWPD	311.219	979	16.322	857336471587410980	857336471587410979	19314	
2	SPECTRUM	false	1		2	-1 eV	0.84096783	12	2	-1 eV (corrected -1 eV)	[M - H2O + H]+	313.273	Orbitrap (LCMS)	CCCCCCCCCCCCCC(CC(COC(=O)C)O)O	null-null-null-null	Spectrum3_000777	public_spectra_2506:(CCMSLIB00005723208)	ZBVKFVTUHVIICH	313.274	981	16.353	857336471813903412	857336471813903411	19366	
3	SPECTRUM	false	1		2	-1 eV	0.838882	18	2	26 eV	[M + H]+	369.125	Orbitrap (LCMS)	CC1=CC=CC=C1OP(=O)(OC2=CC=CC=C2C)OC3=CC=CC=C3C	splash10-014i-1529000000-03109333d2aa2ca9b355	Phosflex 179C	public_spectra_2506:(MSBNK-CASMI_2016-SM883201)	YSMRWXYRXBRSND	369.125	1009	16.812	857336472157836368	857336472157836367	19920	
1	SPECTRUM	false	2		2	-1 eV	0.7371281	3	2	48 eV	[M + H]+	319.284	Orbitrap (LCMS)	CCCCCCCCCCCCOCCOCCOCCO	splash10-0a4i-9000000000-869bdf0c63fd2d9b1362	Laureth-3	public_spectra_2506:(MSBNK-Eawag-EQ01034505)	FKMHSNTVILORFA	319.284	1024	17.075	857336472577266800	857336472573072495	20296	
1	SPECTRUM	false	17		2	-1 eV	0.9634712	4	2	5 eV	[M + Na]+	425.215	Q-ToF (LCMS)	CCCCOC(=O)CC(CC(=O)OCCCC)(C(=O)OCCCC)OC(=O)C	splash10-004i-0000900000-48932cb52b2469f94a50	Blo-trol	public_spectra_2506:(MSBNK-Antwerp_Univ-AN111313)	QZCLKYGREBVARF	425.215	1029	17.157	857336472845702276	857336472845702275	20414	
1	SPECTRUM	false	0		2	-1 eV	0.90630156	7	2	20 eV	[M + H]+	361.222	Q-ToF (LCMS)	CCCCOC(=O)CC(CC(=O)OCCCC)(C(=O)OCCCC)O	splash10-004i-0900000000-65c74454ce3eb46dd744	Citroflex 4	public_spectra_2506:(MSBNK-EPA-ENTACT_AGILENT000551)	ZFOZVQLOBQUTQQ	361.222	1029	17.157	857336472896033928	857336472896033927	20422	
1	SPECTRUM	false	45		2	-1 eV	0.9709721	11	2	20 eV	[M + H]+	403.233	Q-ToF (LCMS)	CCCCOC(=O)CC(CC(=O)OCCCC)(C(=O)OCCCC)OC(=O)C	splash10-004r-0900000000-19aa45f64e6604e07db8	Blo-trol	public_spectra_2506:(MSBNK-Antwerp_Univ-AN111304)	QZCLKYGREBVARF	403.233	1029	17.158	857336472950559884	857336472950559883	20420	
1	SPECTRUM	false	0		2	-1 eV	0.95493704	3	2	-1 eV (corrected -1 eV)	[M + H]+	323.235	Orbitrap (LCMS)	CCCCC(CC)COP(=O)(O)OCC(CC)CCCC	splash10-0002-9000000000-9a1293465edd34abc563	Escaid 100	public_spectra_2506:(CCMSLIB00000579925)	SEGLCEQVOFDUPX	323.235	1049	17.476	857336473214801056	857336473214801055	20856	
1	SPECTRUM	false	0		2	-1 eV	0.5568117	8	2	-1 eV (corrected -1 eV)	[M - H2O + H]+	285.242	Orbitrap (LCMS)	CCCCCCCCCCCCCC(=O)OCC(CO)O	null-null-null-null	Monomyristin	public_spectra_2506:(CCMSLIB00005463912)	DCBSHORRWZKAKO	285.242	1049	17.479	857336473265132708	857336473265132707	20859	
1	SPECTRUM	false	-1		2		0.685556	11	2	-1 eV (corrected -1 eV)	[M + H]+	256.263	N/A	CCCCCCCCCCCCCCCC(=O)N	splash10-0a4i-4190000000-0e9b5465f1d2622377fc	Amide 16	public_spectra_2506:(CCMSLIB00003135927)	HSEMFIZWXHQJAE	256.264	1056	17.603	857336473361601708	857336473361601707	21087	
1	SPECTRUM	false	-1		2		0.5613687	10	2	-1 eV (corrected -1 eV)	[M + H]+	285.243	Q-ToF (LCMS)	C=CCCCCCCCCC=CCC(CC(CO)O)O	null-null-null-null	(6E)-Heptadeca-6,16-diene-1,2,4-triol	public_spectra_2506:(CCMSLIB00005721533)	XGZOTDFONIAWEC	285.242	1071	17.858	857336473651008708	857336473651008707	21327	
1	SPECTRUM	false	8		2	-1 eV	0.9301528	15	2	-1 eV (corrected -1 eV)	[M + H]+	398.233	Orbitrap (LCMS)	CCCCCCOC(=O)C1=CC=CC=C1C(=O)C2=C(C=C(C=C2)N(CC)CC)O	splash10-0002-0910000000-6899ec9c0935821df313	Uvinul A Plus	public_spectra_2506:(BRUNGS_MCEBIO_04551)	FDATWRLUYRHCJE	398.233	1080	17.996	857336473835558100	857336473835558099	21504	
1	SPECTRUM	false	-1		2		0.6037376	10	2	-1 eV (corrected -1 eV)	[M - H2O + H]+	285.242	Orbitrap (LCMS)	CCCCCCCCCCCCCC(=O)OCC(CO)O	splash10-052r-9050000000-82f65170a330adf59f38	Monomyristin	public_spectra_2506:(CCMSLIB00010124438)	DCBSHORRWZKAKO	285.243	1082	18.041	857336473932027100	857336473932027099	21590	
1	SPECTRUM	false	18		2	-1 eV	0.9357311	5	2	-1 eV (corrected -1 eV)	[M - H2O + H]+	149.023	Orbitrap (LCMS)	C1=CC=C(C(=C1)C(=O)O)C(=O)O	splash10-0002-3900000000-84befaf1a62e34c8ea31	phthalate	public_spectra_2506:(CCMSLIB00006113214)	XNGIFLGASWRNHJ	149.023	1095	18.246	857336474213045492	857336474213045491	21832	
1	SPECTRUM	false	-1		2		0.8614719	12	2	47 eV	[M + H]+	311.258	Orbitrap (LCMS)	CC(C)OC(=O)C=C(C)C=CCC(C)CCCC(C)(C)OC	splash10-0apm-9200000000-c8b9108e2264b06b6ab0	Juvemon	public_spectra_2506:(MSBNK-Eawag-EQ01094905)	NFGXHKASABOEEW	311.258	1117	18.622	857336474678613276	857336474674418971	22362	
1	SPECTRUM	false	10		2	-1 eV	0.9441347	18	2	20 eV	[M + H]+	315.253	Q-ToF (LCMS)	CCCCOC(=O)CCCCCCCCC(=O)OCCCC	splash10-00y1-9700000000-36954b5750a06d0e6081	Staflex DBS	public_spectra_2506:(MSBNK-Antwerp_Univ-AN111804)	PYGXAGIECVVIOZ	315.253	1130	18.826	857336475232261452	857336475232261451	22639	
1	SPECTRUM	false	3		2	-1 eV	0.8990143	6	2	75 eV	[M + H]+	171.138	Orbitrap (LCMS)	CCCCC1CCCCC(=O)O1	splash10-0a4i-9000000000-aca0fbc4e0ebd5ea896d	|A-Decalactone	public_spectra_2506:(MSBNK-LCSB-LU071705)	YKVIWISPFDZYOW	171.138	1133	18.887	857336475462948192	857336475458753887	22724	
1	SPECTRUM	false	18		2	-1 eV	0.57109684	14	2	-1 eV (corrected -1 eV)	[M + H]+	297.279	N/A	CCCCCCC1CC1CCCCCCCCCC(=O)O	splash10-000t-6920000000-c235ee379b473a74464b	lactobacillate	public_spectra_2506:(CCMSLIB00003134803)	IJKRDVKGCQRKBI	297.279	1134	18.902	857336475584583016	857336475584583015	22717	
2	SPECTRUM	false	5		2	-1 eV	0.6665863	3	2	25 eV	[M + H]+	351.266	Q-ToF (LCMS)	CC(CCOP(=O)(O)OCCC(C)CC(C)(C)C)CC(C)(C)C	splash10-0a4j-9000000000-7cdd74eee0c7e1caa675	Bis(3,5,5-trimethylhexyl) phosphate	public_spectra_2506:(MSBNK-Antwerp_Univ-AN116505)	LPOAIFBVIQAMFA	351.266	1147	19.111	857336475966264712	857336475966264711	23020	
1	SPECTRUM	false	9		2	-1 eV	0.849215	11	2	-1 eV (corrected -1 eV)	[M - H2O + H]+	313.273	Orbitrap (LCMS)	CCCCCCCCCCCCCC(CC(COC(=O)C)O)O	null-null-null-null	Spectrum3_000777	public_spectra_2506:(CCMSLIB00005723208)	ZBVKFVTUHVIICH	313.274	1166	19.433	857336476209534364	857336476209534363	23487	
1	SPECTRUM	false	7		2	-1 eV	0.5004803	5	2	-1 eV (corrected -1 eV)	[M + H]+	325.274	Q-ToF (LCMS)	CC(CCC1C2(CCCC(C2CCC1(C)O)(C)C)C)CC(=O)O	null-null-null-null	Labdanic Acid	public_spectra_2506:(CCMSLIB00004717869)	KHCCSRVJJDOANA	325.271	1166	19.436	857336476255671712	857336476255671711	23524	
1	SPECTRUM	false	0		2	-1 eV	0.6208516	4	2	-1 eV (corrected -1 eV)	[M + H]+	284.295	N/A	CCCCCCCCCCCCCCCCCC(=O)N	splash10-001i-3190000000-032838e8d1b3d729a443	Adogen 42	public_spectra_2506:(CCMSLIB00003137245)	LYRFLYHAGKPMFH	284.295	1171	19.514	857336476347946408	857336476347946407	23595	
1	SPECTRUM	false	12		2	-1 eV	0.8694269	13	2	-1 eV (corrected -1 eV)	[M - H2O + H]+	313.273	Orbitrap (LCMS)	CCCCCCCCCCCCCC(CC(COC(=O)C)O)O	null-null-null-null	Spectrum3_000777	public_spectra_2506:(CCMSLIB00005723208)	ZBVKFVTUHVIICH	313.274	1172	19.536	857336476394083756	857336476394083755	23634	
1	SPECTRUM	false	4		2	-1 eV	0.8441312	10	2	-1 eV (corrected -1 eV)	[M - H2O + H]+	313.273	Orbitrap (LCMS)	CCCCCCCCCCCCCC(CC(COC(=O)C)O)O	null-null-null-null	Spectrum3_000777	public_spectra_2506:(CCMSLIB00005723208)	ZBVKFVTUHVIICH	313.274	1188	19.806	857336476603798972	857336476603798971	23938	
1	SPECTRUM	false	21		2	-1 eV	0.65648437	14	2	75 eV	[M + H]+	354.300	Orbitrap (LCMS)	CCCCCCCCC=CCCCCCCCC(=O)N(C)CC(=O)O	splash10-066u-9000000000-4f10f861bf6f84119096	Hamposyl O	public_spectra_2506:(MSBNK-LCSB-LU033605)	DIOYAVUHUXAUPX	354.300	1190	19.833	857336476788348360	857336476788348359	23941	
1	SPECTRUM	false	-1		2		0.72655123	23	2	-1 eV (corrected -1 eV)	[M - H2O + H]+	295.263	N/A	CCCCCCC(CC=CCCCCCCCC(=O)OC)O	splash10-00l2-8930000000-35b6d6fc79b193fe2804	Flexricin P-1	public_spectra_2506:(CCMSLIB00003139449)	XKGDWZQXVZSXAO	295.263	1194	19.893	857336476951926228	857336476951926227	24098	
1	SPECTRUM	false	16		2	-1 eV	0.8459433	9	2	-1 eV (corrected -1 eV)	[M + H]+	327.195	N/A	CCCCCCCCOC1=CC(=C(C=C1)C(=O)C2=CC=CC=C2)O	splash10-00kr-1961000000-16f1e1aaaf9e40a5feaa	Benzon OO	public_spectra_2506:(CCMSLIB00003139645)	QUAMTGJKVDWJEQ	327.195	1225	20.424	857336477639792140	857336477639792139	24591	
1	SPECTRUM	false	0		2	-1 eV	0.55505544	5	2	30 eV	[M + H]+	298.310	Q-ToF (LCMS)	CCCCCCCCCCCCCN1CC(OC(C1)C)C	splash10-0002-1190000000-0113c42508ceebdec63b	Calixine	public_spectra_2506:(MSBNK-MSSJ-MSJ02324)	YTOPFCCWCSOHFV	298.311	1253	20.886	857336478013085224	857336478013085223	24916	
1	SPECTRUM	false	-1		2		0.9252429	5	2	-1 eV (corrected -1 eV)	[M - H2O + H]+	149.023	Orbitrap (LCMS)	C1=CC=C(C(=C1)C(=O)O)C(=O)O	splash10-0002-3900000000-84befaf1a62e34c8ea31	phthalate	public_spectra_2506:(CCMSLIB00006113214)	XNGIFLGASWRNHJ	149.023	1253	20.890	857336478067611180	857336478067611179	24930	
1	SPECTRUM	false	3		2	-1 eV	0.89492315	5	2	20 eV	[M + H]+	391.284	Q-ToF (LCMS)	CCCCC(CC)COC(=O)C1=CC=CC=C1C(=O)OCC(CC)CCCC	splash10-0002-2900000000-b59278548b42232c222e	Fleximel	public_spectra_2506:(MSBNK-Antwerp_Univ-AN112904)	BJQHLKABXJIVAM	391.284	1289	21.484	857336478419932744	857336478415738439	25414	
1	SPECTRUM	false	3		2	-1 eV	0.6882197	18	2	-1 eV (corrected -1 eV)	[M + H]+	338.342	N/A	CCCCCCCCC=CCCCCCCCCCCCC(=O)N	splash10-05us-9400000000-475a3842665f8c45498e	Erucylamide	public_spectra_2506:(CCMSLIB00003139394)	UAUDZVJPLUQNMU	338.342	1292	21.532	857336478474458700	857336478474458699	25457	
1	SPECTRUM	false	1		2	-1 eV	0.93170065	6	2	-1 eV (corrected -1 eV)	[M - H2O + H]+	149.023	Orbitrap (LCMS)	C1=CC=C(C(=C1)C(=O)O)C(=O)O	splash10-0002-3900000000-84befaf1a62e34c8ea31	phthalate	public_spectra_2506:(CCMSLIB00006113214)	XNGIFLGASWRNHJ	149.023	1296	21.598	857336478617065048	857336478617065047	25517	
3	SPECTRUM	false	2		2	-1 eV	0.95875084	9	2	20 eV	[M + H]+	371.316	Q-ToF (LCMS)	CCCCC(CC)COC(=O)CCCCC(=O)OCC(CC)CCCC	splash10-0nmi-5900000000-ea9cd9da0fda1047bad1	Mollan S	public_spectra_2506:(MSBNK-Antwerp_Univ-AN112104)	SAOKZLXYCUGLFA	371.316	1299	21.650	857336479032301168	857336479032301167	25611	
1	SPECTRUM	false	13		2	-1 eV	0.9842095	5	2	15 eV	[M + H]+	391.284	Q-ToF (LCMS)	CCCCC(CC)COC(=O)C1=CC=CC=C1C(=O)OCC(CC)CCCC	splash10-0002-1900000000-edaa5cd2daba8e23f58d	Fleximel	public_spectra_2506:(MSBNK-Antwerp_Univ-AN112903)	BJQHLKABXJIVAM	391.284	1300	21.663	857336479078438516	857336479078438515	25626	
38	SPECTRUM	false	36		2	-1 eV	0.9640166	9	2	20 eV	[M + H]+	371.316	Q-ToF (LCMS)	CCCCC(CC)COC(=O)CCCCC(=O)OCC(CC)CCCC	splash10-0nmi-5900000000-ea9cd9da0fda1047bad1	Mollan S	public_spectra_2506:(MSBNK-Antwerp_Univ-AN112104)	SAOKZLXYCUGLFA	371.316	1310	21.826	857336479166518908	857336479166518907	25825	
1	SPECTRUM	false	4		2	-1 eV	0.95747775	5	2	20 eV	[M + H]+	419.316	Q-ToF (LCMS)	CC(C)CCCCCCOC(=O)C1=CC=CC=C1C(=O)OCCCCCCC(C)C	splash10-05fs-9300000000-dccefc6e3e6b6ec9d1e8	Palatinol N-d4	public_spectra_2506:(MSBNK-Antwerp_Univ-AN112504)	HBGGXOJOCNVPFY	419.315	1333	22.214	857336479669835428	857336479665641123	26099	
1	SPECTRUM	false	5		2	-1 eV	0.9900106	4	2	20 eV	[M + H]+	391.284	Q-ToF (LCMS)	CCCCC(CC)COC(=O)C1=CC=CC=C1C(=O)OCC(CC)CCCC	splash10-0002-2900000000-b59278548b42232c222e	Fleximel	public_spectra_2506:(MSBNK-Antwerp_Univ-AN112904)	BJQHLKABXJIVAM	391.284	1334	22.239	857336479711778472	857336479711778471	26117	
1	SPECTRUM	false	-1		2		0.88919765	5	2	-1 eV (corrected -1 eV)	[M - H2O + H]+	149.023	Orbitrap (LCMS)	C1=CC=C(C(=C1)C(=O)O)C(=O)O	splash10-0002-3900000000-84befaf1a62e34c8ea31	phthalate	public_spectra_2506:(CCMSLIB00006113214)	XNGIFLGASWRNHJ	149.023	1335	22.252	857336479766304428	857336479766304427	26114	
1	SPECTRUM	false	15		2	-1 eV	0.9885421	4	2	20 eV	[M + H]+	419.316	Q-ToF (LCMS)	CC(C)CCCCCCOC(=O)C1=CC=CC=C1C(=O)OCCCCCCC(C)C	splash10-05fs-9300000000-dccefc6e3e6b6ec9d1e8	Palatinol N-d4	public_spectra_2506:(MSBNK-Antwerp_Univ-AN112504)	HBGGXOJOCNVPFY	419.316	1365	22.755	857336480269620948	857336480269620947	26479	
1	SPECTRUM	false	89		2	-1 eV	0.9966068	5	2	20 eV	[M + H]+	419.316	Q-ToF (LCMS)	CC(C)CCCCCCOC(=O)C1=CC=CC=C1C(=O)OCCCCCCC(C)C	splash10-05fs-9300000000-dccefc6e3e6b6ec9d1e8	Palatinol N-d4	public_spectra_2506:(MSBNK-Antwerp_Univ-AN112504)	HBGGXOJOCNVPFY	419.316	1372	22.874	857336480500307684	857336480496113379	26568	
1	SPECTRUM	false	1		2	-1 eV	0.84745747	13	2	-1 eV (corrected -1 eV)	[M + Na]+	371.100	Orbitrap (LCMS)	CCC1(C2=C(COC1=O)C(=O)N3CC4=CC5=CC=CC=C5N=C4C3=C2)O	splash10-059l-9065000000-63bdda72ae157dece8bf	Campathecin	public_spectra_2506:(CCMSLIB00011427902)	VSJKWCGYPAHWDS	371.101	1414	23.562	857336480953292552	857336480953292551	27132	
1	SPECTRUM	false	1		2	-1 eV	0.98777777	3	2	10 eV	[M + H]+	435.360	Q-ToF (LCMS)	CCCCC(CC)COP(=O)(OCC(CC)CCCC)OCC(CC)CCCC	splash10-0002-9000000000-952fd6a4abe70d0fa487	Flexol TOF	public_spectra_2506:(MSBNK-Antwerp_Univ-AN117402)	GTVWRXDRKAHEAD	435.360	1422	23.700	857336481288836900	857336481288836899	27268	
1	SPECTRUM	false	44		2	-1 eV	0.9846619	5	2	15 eV	[M + H]+	447.347	Q-ToF (LCMS)	CC(C)CCCCCCCOC(=O)C1=CC=CC=C1C(=O)OCCCCCCCC(C)C	splash10-0abi-9100000000-8d5b5df45b700ce10d0b	Sicol 184	public_spectra_2506:(MSBNK-Antwerp_Univ-AN112603)	ZVFDTKUVRCTHQE	447.347	1437	23.954	857336481330779944	857336481330779943	27438	
1	SPECTRUM	false	2		2	-1 eV	0.97736186	7	2	20 eV	[M + H]+	425.363	Q-ToF (LCMS)	CC(C)CCCCCCOC(=O)C1CCCCC1C(=O)OCCCCCCC(C)C	splash10-0ac0-9200000000-2e787112bd71c24969b6	Hexamoll DINCH	public_spectra_2506:(MSBNK-Antwerp_Univ-AN112704)	HORIEOQXBKUKGQ	425.362	1463	24.384	857336481511135032	857336481511135031	27672	
1	SPECTRUM	false	19		2	-1 eV	0.9240448	5	2	30 eV	[M + H]+	447.347	Q-ToF (LCMS)	CC(C)CCCCCCCOC(=O)C1=CC=CC=C1C(=O)OCCCCCCCC(C)C	splash10-0592-9400000000-87b7925105604600a778	Sicol 184	public_spectra_2506:(MSBNK-Antwerp_Univ-AN112606)	ZVFDTKUVRCTHQE	447.347	1472	24.527	857336481599215424	857336481599215423	27736	
1	SPECTRUM	false	4		2	-1 eV	0.9890783	7	2	20 eV	[M + H]+	425.363	Q-ToF (LCMS)	CC(C)CCCCCCOC(=O)C1CCCCC1C(=O)OCCCCCCC(C)C	splash10-0ac0-9200000000-2e787112bd71c24969b6	Hexamoll DINCH	public_spectra_2506:(MSBNK-Antwerp_Univ-AN112704)	HORIEOQXBKUKGQ	425.362	1473	24.552	857336481649547076	857336481649547075	27757	
